id,name,nature_value,area_size,geom
1,Cubio 1,95,21686.25,"POLYGON((10.35 56.35, 10.35 56.351, 10.35175 56.351, 10.35175 56.35, 10.35 56.35))"
2,Cubio 2,65,21686.25,"POLYGON((10.35175 56.35, 10.35175 56.351, 10.353499999999999 56.351, 10.353499999999999 56.35, 10.35175 56.35))"
3,Cubio 3,79,21686.25,"POLYGON((10.353499999999999 56.35, 10.353499999999999 56.351, 10.355249999999998 56.351, 10.355249999999998 56.35, 10.353499999999999 56.35))"
4,Cubio 4,77,21686.25,"POLYGON((10.355249999999998 56.35, 10.355249999999998 56.351, 10.356999999999998 56.351, 10.356999999999998 56.35, 10.355249999999998 56.35))"
5,Cubio 5,55,21686.25,"POLYGON((10.356999999999998 56.35, 10.356999999999998 56.351, 10.358749999999997 56.351, 10.358749999999997 56.35, 10.356999999999998 56.35))"
6,Cubio 6,79,21686.25,"POLYGON((10.358749999999997 56.35, 10.358749999999997 56.351, 10.360499999999996 56.351, 10.360499999999996 56.35, 10.358749999999997 56.35))"
7,Cubio 7,70,21686.25,"POLYGON((10.360499999999996 56.35, 10.360499999999996 56.351, 10.362249999999996 56.351, 10.362249999999996 56.35, 10.360499999999996 56.35))"
8,Cubio 8,55,21686.25,"POLYGON((10.362249999999996 56.35, 10.362249999999996 56.351, 10.363999999999995 56.351, 10.363999999999995 56.35, 10.362249999999996 56.35))"
9,Cubio 9,90,21686.25,"POLYGON((10.363999999999995 56.35, 10.363999999999995 56.351, 10.365749999999995 56.351, 10.365749999999995 56.35, 10.363999999999995 56.35))"
10,Cubio 10,57,21686.25,"POLYGON((10.365749999999995 56.35, 10.365749999999995 56.351, 10.367499999999994 56.351, 10.367499999999994 56.35, 10.365749999999995 56.35))"
11,Cubio 11,53,21686.25,"POLYGON((10.367499999999994 56.35, 10.367499999999994 56.351, 10.369249999999994 56.351, 10.369249999999994 56.35, 10.367499999999994 56.35))"
12,Cubio 12,56,21686.25,"POLYGON((10.369249999999994 56.35, 10.369249999999994 56.351, 10.370999999999993 56.351, 10.370999999999993 56.35, 10.369249999999994 56.35))"
13,Cubio 13,63,21686.25,"POLYGON((10.370999999999993 56.35, 10.370999999999993 56.351, 10.372749999999993 56.351, 10.372749999999993 56.35, 10.370999999999993 56.35))"
14,Cubio 14,70,21686.25,"POLYGON((10.372749999999993 56.35, 10.372749999999993 56.351, 10.374499999999992 56.351, 10.374499999999992 56.35, 10.372749999999993 56.35))"
15,Cubio 15,78,21686.25,"POLYGON((10.374499999999992 56.35, 10.374499999999992 56.351, 10.376249999999992 56.351, 10.376249999999992 56.35, 10.374499999999992 56.35))"
16,Cubio 16,68,21686.25,"POLYGON((10.376249999999992 56.35, 10.376249999999992 56.351, 10.377999999999991 56.351, 10.377999999999991 56.35, 10.376249999999992 56.35))"
17,Cubio 17,99,21686.25,"POLYGON((10.377999999999991 56.35, 10.377999999999991 56.351, 10.37974999999999 56.351, 10.37974999999999 56.35, 10.377999999999991 56.35))"
18,Cubio 18,69,21686.25,"POLYGON((10.37974999999999 56.35, 10.37974999999999 56.351, 10.38149999999999 56.351, 10.38149999999999 56.35, 10.37974999999999 56.35))"
19,Cubio 19,73,21686.25,"POLYGON((10.38149999999999 56.35, 10.38149999999999 56.351, 10.38324999999999 56.351, 10.38324999999999 56.35, 10.38149999999999 56.35))"
20,Cubio 20,97,21686.25,"POLYGON((10.38324999999999 56.35, 10.38324999999999 56.351, 10.38499999999999 56.351, 10.38499999999999 56.35, 10.38324999999999 56.35))"
21,Cubio 21,83,21686.25,"POLYGON((10.38499999999999 56.35, 10.38499999999999 56.351, 10.386749999999989 56.351, 10.386749999999989 56.35, 10.38499999999999 56.35))"
22,Cubio 22,80,21686.25,"POLYGON((10.386749999999989 56.35, 10.386749999999989 56.351, 10.388499999999988 56.351, 10.388499999999988 56.35, 10.386749999999989 56.35))"
23,Cubio 23,83,21686.25,"POLYGON((10.388499999999988 56.35, 10.388499999999988 56.351, 10.390249999999988 56.351, 10.390249999999988 56.35, 10.388499999999988 56.35))"
24,Cubio 24,63,21686.25,"POLYGON((10.390249999999988 56.35, 10.390249999999988 56.351, 10.391999999999987 56.351, 10.391999999999987 56.35, 10.390249999999988 56.35))"
25,Cubio 25,93,21686.25,"POLYGON((10.391999999999987 56.35, 10.391999999999987 56.351, 10.393749999999986 56.351, 10.393749999999986 56.35, 10.391999999999987 56.35))"
26,Cubio 26,90,21686.25,"POLYGON((10.393749999999986 56.35, 10.393749999999986 56.351, 10.395499999999986 56.351, 10.395499999999986 56.35, 10.393749999999986 56.35))"
27,Cubio 27,86,21686.25,"POLYGON((10.395499999999986 56.35, 10.395499999999986 56.351, 10.397249999999985 56.351, 10.397249999999985 56.35, 10.395499999999986 56.35))"
28,Cubio 28,71,21686.25,"POLYGON((10.397249999999985 56.35, 10.397249999999985 56.351, 10.398999999999985 56.351, 10.398999999999985 56.35, 10.397249999999985 56.35))"
29,Cubio 29,59,21686.25,"POLYGON((10.398999999999985 56.35, 10.398999999999985 56.351, 10.400749999999984 56.351, 10.400749999999984 56.35, 10.398999999999985 56.35))"
30,Cubio 30,98,21686.25,"POLYGON((10.35 56.351, 10.35 56.352, 10.35175 56.352, 10.35175 56.351, 10.35 56.351))"
31,Cubio 31,68,21686.25,"POLYGON((10.35175 56.351, 10.35175 56.352, 10.353499999999999 56.352, 10.353499999999999 56.351, 10.35175 56.351))"
32,Cubio 32,58,21686.25,"POLYGON((10.353499999999999 56.351, 10.353499999999999 56.352, 10.355249999999998 56.352, 10.355249999999998 56.351, 10.353499999999999 56.351))"
33,Cubio 33,77,21686.25,"POLYGON((10.355249999999998 56.351, 10.355249999999998 56.352, 10.356999999999998 56.352, 10.356999999999998 56.351, 10.355249999999998 56.351))"
34,Cubio 34,68,21686.25,"POLYGON((10.356999999999998 56.351, 10.356999999999998 56.352, 10.358749999999997 56.352, 10.358749999999997 56.351, 10.356999999999998 56.351))"
35,Cubio 35,55,21686.25,"POLYGON((10.358749999999997 56.351, 10.358749999999997 56.352, 10.360499999999996 56.352, 10.360499999999996 56.351, 10.358749999999997 56.351))"
36,Cubio 36,61,21686.25,"POLYGON((10.360499999999996 56.351, 10.360499999999996 56.352, 10.362249999999996 56.352, 10.362249999999996 56.351, 10.360499999999996 56.351))"
37,Cubio 37,80,21686.25,"POLYGON((10.362249999999996 56.351, 10.362249999999996 56.352, 10.363999999999995 56.352, 10.363999999999995 56.351, 10.362249999999996 56.351))"
38,Cubio 38,63,21686.25,"POLYGON((10.363999999999995 56.351, 10.363999999999995 56.352, 10.365749999999995 56.352, 10.365749999999995 56.351, 10.363999999999995 56.351))"
39,Cubio 39,62,21686.25,"POLYGON((10.365749999999995 56.351, 10.365749999999995 56.352, 10.367499999999994 56.352, 10.367499999999994 56.351, 10.365749999999995 56.351))"
40,Cubio 40,58,21686.25,"POLYGON((10.367499999999994 56.351, 10.367499999999994 56.352, 10.369249999999994 56.352, 10.369249999999994 56.351, 10.367499999999994 56.351))"
41,Cubio 41,72,21686.25,"POLYGON((10.369249999999994 56.351, 10.369249999999994 56.352, 10.370999999999993 56.352, 10.370999999999993 56.351, 10.369249999999994 56.351))"
42,Cubio 42,52,21686.25,"POLYGON((10.370999999999993 56.351, 10.370999999999993 56.352, 10.372749999999993 56.352, 10.372749999999993 56.351, 10.370999999999993 56.351))"
43,Cubio 43,55,21686.25,"POLYGON((10.372749999999993 56.351, 10.372749999999993 56.352, 10.374499999999992 56.352, 10.374499999999992 56.351, 10.372749999999993 56.351))"
44,Cubio 44,74,21686.25,"POLYGON((10.374499999999992 56.351, 10.374499999999992 56.352, 10.376249999999992 56.352, 10.376249999999992 56.351, 10.374499999999992 56.351))"
45,Cubio 45,68,21686.25,"POLYGON((10.376249999999992 56.351, 10.376249999999992 56.352, 10.377999999999991 56.352, 10.377999999999991 56.351, 10.376249999999992 56.351))"
46,Cubio 46,74,21686.25,"POLYGON((10.377999999999991 56.351, 10.377999999999991 56.352, 10.37974999999999 56.352, 10.37974999999999 56.351, 10.377999999999991 56.351))"
47,Cubio 47,96,21686.25,"POLYGON((10.37974999999999 56.351, 10.37974999999999 56.352, 10.38149999999999 56.352, 10.38149999999999 56.351, 10.37974999999999 56.351))"
48,Cubio 48,83,21686.25,"POLYGON((10.38149999999999 56.351, 10.38149999999999 56.352, 10.38324999999999 56.352, 10.38324999999999 56.351, 10.38149999999999 56.351))"
49,Cubio 49,58,21686.25,"POLYGON((10.38324999999999 56.351, 10.38324999999999 56.352, 10.38499999999999 56.352, 10.38499999999999 56.351, 10.38324999999999 56.351))"
50,Cubio 50,54,21686.25,"POLYGON((10.38499999999999 56.351, 10.38499999999999 56.352, 10.386749999999989 56.352, 10.386749999999989 56.351, 10.38499999999999 56.351))"
51,Cubio 51,73,21686.25,"POLYGON((10.386749999999989 56.351, 10.386749999999989 56.352, 10.388499999999988 56.352, 10.388499999999988 56.351, 10.386749999999989 56.351))"
52,Cubio 52,71,21686.25,"POLYGON((10.388499999999988 56.351, 10.388499999999988 56.352, 10.390249999999988 56.352, 10.390249999999988 56.351, 10.388499999999988 56.351))"
53,Cubio 53,75,21686.25,"POLYGON((10.390249999999988 56.351, 10.390249999999988 56.352, 10.391999999999987 56.352, 10.391999999999987 56.351, 10.390249999999988 56.351))"
54,Cubio 54,99,21686.25,"POLYGON((10.391999999999987 56.351, 10.391999999999987 56.352, 10.393749999999986 56.352, 10.393749999999986 56.351, 10.391999999999987 56.351))"
55,Cubio 55,82,21686.25,"POLYGON((10.393749999999986 56.351, 10.393749999999986 56.352, 10.395499999999986 56.352, 10.395499999999986 56.351, 10.393749999999986 56.351))"
56,Cubio 56,85,21686.25,"POLYGON((10.395499999999986 56.351, 10.395499999999986 56.352, 10.397249999999985 56.352, 10.397249999999985 56.351, 10.395499999999986 56.351))"
57,Cubio 57,76,21686.25,"POLYGON((10.397249999999985 56.351, 10.397249999999985 56.352, 10.398999999999985 56.352, 10.398999999999985 56.351, 10.397249999999985 56.351))"
58,Cubio 58,79,21686.25,"POLYGON((10.398999999999985 56.351, 10.398999999999985 56.352, 10.400749999999984 56.352, 10.400749999999984 56.351, 10.398999999999985 56.351))"
59,Cubio 59,99,21686.25,"POLYGON((10.35 56.352, 10.35 56.352999999999994, 10.35175 56.352999999999994, 10.35175 56.352, 10.35 56.352))"
60,Cubio 60,95,21686.25,"POLYGON((10.35175 56.352, 10.35175 56.352999999999994, 10.353499999999999 56.352999999999994, 10.353499999999999 56.352, 10.35175 56.352))"
61,Cubio 61,69,21686.25,"POLYGON((10.353499999999999 56.352, 10.353499999999999 56.352999999999994, 10.355249999999998 56.352999999999994, 10.355249999999998 56.352, 10.353499999999999 56.352))"
62,Cubio 62,83,21686.25,"POLYGON((10.355249999999998 56.352, 10.355249999999998 56.352999999999994, 10.356999999999998 56.352999999999994, 10.356999999999998 56.352, 10.355249999999998 56.352))"
63,Cubio 63,86,21686.25,"POLYGON((10.356999999999998 56.352, 10.356999999999998 56.352999999999994, 10.358749999999997 56.352999999999994, 10.358749999999997 56.352, 10.356999999999998 56.352))"
64,Cubio 64,63,21686.25,"POLYGON((10.358749999999997 56.352, 10.358749999999997 56.352999999999994, 10.360499999999996 56.352999999999994, 10.360499999999996 56.352, 10.358749999999997 56.352))"
65,Cubio 65,87,21686.25,"POLYGON((10.360499999999996 56.352, 10.360499999999996 56.352999999999994, 10.362249999999996 56.352999999999994, 10.362249999999996 56.352, 10.360499999999996 56.352))"
66,Cubio 66,59,21686.25,"POLYGON((10.362249999999996 56.352, 10.362249999999996 56.352999999999994, 10.363999999999995 56.352999999999994, 10.363999999999995 56.352, 10.362249999999996 56.352))"
67,Cubio 67,71,21686.25,"POLYGON((10.363999999999995 56.352, 10.363999999999995 56.352999999999994, 10.365749999999995 56.352999999999994, 10.365749999999995 56.352, 10.363999999999995 56.352))"
68,Cubio 68,75,21686.25,"POLYGON((10.365749999999995 56.352, 10.365749999999995 56.352999999999994, 10.367499999999994 56.352999999999994, 10.367499999999994 56.352, 10.365749999999995 56.352))"
69,Cubio 69,85,21686.25,"POLYGON((10.367499999999994 56.352, 10.367499999999994 56.352999999999994, 10.369249999999994 56.352999999999994, 10.369249999999994 56.352, 10.367499999999994 56.352))"
70,Cubio 70,51,21686.25,"POLYGON((10.369249999999994 56.352, 10.369249999999994 56.352999999999994, 10.370999999999993 56.352999999999994, 10.370999999999993 56.352, 10.369249999999994 56.352))"
71,Cubio 71,89,21686.25,"POLYGON((10.370999999999993 56.352, 10.370999999999993 56.352999999999994, 10.372749999999993 56.352999999999994, 10.372749999999993 56.352, 10.370999999999993 56.352))"
72,Cubio 72,51,21686.25,"POLYGON((10.372749999999993 56.352, 10.372749999999993 56.352999999999994, 10.374499999999992 56.352999999999994, 10.374499999999992 56.352, 10.372749999999993 56.352))"
73,Cubio 73,87,21686.25,"POLYGON((10.374499999999992 56.352, 10.374499999999992 56.352999999999994, 10.376249999999992 56.352999999999994, 10.376249999999992 56.352, 10.374499999999992 56.352))"
74,Cubio 74,70,21686.25,"POLYGON((10.376249999999992 56.352, 10.376249999999992 56.352999999999994, 10.377999999999991 56.352999999999994, 10.377999999999991 56.352, 10.376249999999992 56.352))"
75,Cubio 75,94,21686.25,"POLYGON((10.377999999999991 56.352, 10.377999999999991 56.352999999999994, 10.37974999999999 56.352999999999994, 10.37974999999999 56.352, 10.377999999999991 56.352))"
76,Cubio 76,69,21686.25,"POLYGON((10.37974999999999 56.352, 10.37974999999999 56.352999999999994, 10.38149999999999 56.352999999999994, 10.38149999999999 56.352, 10.37974999999999 56.352))"
77,Cubio 77,63,21686.25,"POLYGON((10.38149999999999 56.352, 10.38149999999999 56.352999999999994, 10.38324999999999 56.352999999999994, 10.38324999999999 56.352, 10.38149999999999 56.352))"
78,Cubio 78,54,21686.25,"POLYGON((10.38324999999999 56.352, 10.38324999999999 56.352999999999994, 10.38499999999999 56.352999999999994, 10.38499999999999 56.352, 10.38324999999999 56.352))"
79,Cubio 79,63,21686.25,"POLYGON((10.38499999999999 56.352, 10.38499999999999 56.352999999999994, 10.386749999999989 56.352999999999994, 10.386749999999989 56.352, 10.38499999999999 56.352))"
80,Cubio 80,86,21686.25,"POLYGON((10.386749999999989 56.352, 10.386749999999989 56.352999999999994, 10.388499999999988 56.352999999999994, 10.388499999999988 56.352, 10.386749999999989 56.352))"
81,Cubio 81,79,21686.25,"POLYGON((10.388499999999988 56.352, 10.388499999999988 56.352999999999994, 10.390249999999988 56.352999999999994, 10.390249999999988 56.352, 10.388499999999988 56.352))"
82,Cubio 82,55,21686.25,"POLYGON((10.390249999999988 56.352, 10.390249999999988 56.352999999999994, 10.391999999999987 56.352999999999994, 10.391999999999987 56.352, 10.390249999999988 56.352))"
83,Cubio 83,75,21686.25,"POLYGON((10.391999999999987 56.352, 10.391999999999987 56.352999999999994, 10.393749999999986 56.352999999999994, 10.393749999999986 56.352, 10.391999999999987 56.352))"
84,Cubio 84,80,21686.25,"POLYGON((10.393749999999986 56.352, 10.393749999999986 56.352999999999994, 10.395499999999986 56.352999999999994, 10.395499999999986 56.352, 10.393749999999986 56.352))"
85,Cubio 85,54,21686.25,"POLYGON((10.395499999999986 56.352, 10.395499999999986 56.352999999999994, 10.397249999999985 56.352999999999994, 10.397249999999985 56.352, 10.395499999999986 56.352))"
86,Cubio 86,54,21686.25,"POLYGON((10.397249999999985 56.352, 10.397249999999985 56.352999999999994, 10.398999999999985 56.352999999999994, 10.398999999999985 56.352, 10.397249999999985 56.352))"
87,Cubio 87,89,21686.25,"POLYGON((10.398999999999985 56.352, 10.398999999999985 56.352999999999994, 10.400749999999984 56.352999999999994, 10.400749999999984 56.352, 10.398999999999985 56.352))"
88,Cubio 88,57,21686.25,"POLYGON((10.35 56.352999999999994, 10.35 56.35399999999999, 10.35175 56.35399999999999, 10.35175 56.352999999999994, 10.35 56.352999999999994))"
89,Cubio 89,71,21686.25,"POLYGON((10.35175 56.352999999999994, 10.35175 56.35399999999999, 10.353499999999999 56.35399999999999, 10.353499999999999 56.352999999999994, 10.35175 56.352999999999994))"
90,Cubio 90,50,21686.25,"POLYGON((10.353499999999999 56.352999999999994, 10.353499999999999 56.35399999999999, 10.355249999999998 56.35399999999999, 10.355249999999998 56.352999999999994, 10.353499999999999 56.352999999999994))"
91,Cubio 91,66,21686.25,"POLYGON((10.355249999999998 56.352999999999994, 10.355249999999998 56.35399999999999, 10.356999999999998 56.35399999999999, 10.356999999999998 56.352999999999994, 10.355249999999998 56.352999999999994))"
92,Cubio 92,67,21686.25,"POLYGON((10.356999999999998 56.352999999999994, 10.356999999999998 56.35399999999999, 10.358749999999997 56.35399999999999, 10.358749999999997 56.352999999999994, 10.356999999999998 56.352999999999994))"
93,Cubio 93,87,21686.25,"POLYGON((10.358749999999997 56.352999999999994, 10.358749999999997 56.35399999999999, 10.360499999999996 56.35399999999999, 10.360499999999996 56.352999999999994, 10.358749999999997 56.352999999999994))"
94,Cubio 94,70,21686.25,"POLYGON((10.360499999999996 56.352999999999994, 10.360499999999996 56.35399999999999, 10.362249999999996 56.35399999999999, 10.362249999999996 56.352999999999994, 10.360499999999996 56.352999999999994))"
95,Cubio 95,69,21686.25,"POLYGON((10.362249999999996 56.352999999999994, 10.362249999999996 56.35399999999999, 10.363999999999995 56.35399999999999, 10.363999999999995 56.352999999999994, 10.362249999999996 56.352999999999994))"
96,Cubio 96,80,21686.25,"POLYGON((10.363999999999995 56.352999999999994, 10.363999999999995 56.35399999999999, 10.365749999999995 56.35399999999999, 10.365749999999995 56.352999999999994, 10.363999999999995 56.352999999999994))"
97,Cubio 97,84,21686.25,"POLYGON((10.365749999999995 56.352999999999994, 10.365749999999995 56.35399999999999, 10.367499999999994 56.35399999999999, 10.367499999999994 56.352999999999994, 10.365749999999995 56.352999999999994))"
98,Cubio 98,86,21686.25,"POLYGON((10.367499999999994 56.352999999999994, 10.367499999999994 56.35399999999999, 10.369249999999994 56.35399999999999, 10.369249999999994 56.352999999999994, 10.367499999999994 56.352999999999994))"
99,Cubio 99,62,21686.25,"POLYGON((10.369249999999994 56.352999999999994, 10.369249999999994 56.35399999999999, 10.370999999999993 56.35399999999999, 10.370999999999993 56.352999999999994, 10.369249999999994 56.352999999999994))"
100,Cubio 100,85,21686.25,"POLYGON((10.370999999999993 56.352999999999994, 10.370999999999993 56.35399999999999, 10.372749999999993 56.35399999999999, 10.372749999999993 56.352999999999994, 10.370999999999993 56.352999999999994))"
101,Cubio 101,84,21686.25,"POLYGON((10.372749999999993 56.352999999999994, 10.372749999999993 56.35399999999999, 10.374499999999992 56.35399999999999, 10.374499999999992 56.352999999999994, 10.372749999999993 56.352999999999994))"
102,Cubio 102,51,21686.25,"POLYGON((10.374499999999992 56.352999999999994, 10.374499999999992 56.35399999999999, 10.376249999999992 56.35399999999999, 10.376249999999992 56.352999999999994, 10.374499999999992 56.352999999999994))"
103,Cubio 103,53,21686.25,"POLYGON((10.376249999999992 56.352999999999994, 10.376249999999992 56.35399999999999, 10.377999999999991 56.35399999999999, 10.377999999999991 56.352999999999994, 10.376249999999992 56.352999999999994))"
104,Cubio 104,85,21686.25,"POLYGON((10.377999999999991 56.352999999999994, 10.377999999999991 56.35399999999999, 10.37974999999999 56.35399999999999, 10.37974999999999 56.352999999999994, 10.377999999999991 56.352999999999994))"
105,Cubio 105,60,21686.25,"POLYGON((10.37974999999999 56.352999999999994, 10.37974999999999 56.35399999999999, 10.38149999999999 56.35399999999999, 10.38149999999999 56.352999999999994, 10.37974999999999 56.352999999999994))"
106,Cubio 106,64,21686.25,"POLYGON((10.38149999999999 56.352999999999994, 10.38149999999999 56.35399999999999, 10.38324999999999 56.35399999999999, 10.38324999999999 56.352999999999994, 10.38149999999999 56.352999999999994))"
107,Cubio 107,95,21686.25,"POLYGON((10.38324999999999 56.352999999999994, 10.38324999999999 56.35399999999999, 10.38499999999999 56.35399999999999, 10.38499999999999 56.352999999999994, 10.38324999999999 56.352999999999994))"
108,Cubio 108,73,21686.25,"POLYGON((10.38499999999999 56.352999999999994, 10.38499999999999 56.35399999999999, 10.386749999999989 56.35399999999999, 10.386749999999989 56.352999999999994, 10.38499999999999 56.352999999999994))"
109,Cubio 109,60,21686.25,"POLYGON((10.386749999999989 56.352999999999994, 10.386749999999989 56.35399999999999, 10.388499999999988 56.35399999999999, 10.388499999999988 56.352999999999994, 10.386749999999989 56.352999999999994))"
110,Cubio 110,63,21686.25,"POLYGON((10.388499999999988 56.352999999999994, 10.388499999999988 56.35399999999999, 10.390249999999988 56.35399999999999, 10.390249999999988 56.352999999999994, 10.388499999999988 56.352999999999994))"
111,Cubio 111,85,21686.25,"POLYGON((10.390249999999988 56.352999999999994, 10.390249999999988 56.35399999999999, 10.391999999999987 56.35399999999999, 10.391999999999987 56.352999999999994, 10.390249999999988 56.352999999999994))"
112,Cubio 112,82,21686.25,"POLYGON((10.391999999999987 56.352999999999994, 10.391999999999987 56.35399999999999, 10.393749999999986 56.35399999999999, 10.393749999999986 56.352999999999994, 10.391999999999987 56.352999999999994))"
113,Cubio 113,82,21686.25,"POLYGON((10.393749999999986 56.352999999999994, 10.393749999999986 56.35399999999999, 10.395499999999986 56.35399999999999, 10.395499999999986 56.352999999999994, 10.393749999999986 56.352999999999994))"
114,Cubio 114,70,21686.25,"POLYGON((10.395499999999986 56.352999999999994, 10.395499999999986 56.35399999999999, 10.397249999999985 56.35399999999999, 10.397249999999985 56.352999999999994, 10.395499999999986 56.352999999999994))"
115,Cubio 115,71,21686.25,"POLYGON((10.397249999999985 56.352999999999994, 10.397249999999985 56.35399999999999, 10.398999999999985 56.35399999999999, 10.398999999999985 56.352999999999994, 10.397249999999985 56.352999999999994))"
116,Cubio 116,89,21686.25,"POLYGON((10.398999999999985 56.352999999999994, 10.398999999999985 56.35399999999999, 10.400749999999984 56.35399999999999, 10.400749999999984 56.352999999999994, 10.398999999999985 56.352999999999994))"
117,Cubio 117,70,21686.25,"POLYGON((10.35 56.35399999999999, 10.35 56.35499999999999, 10.35175 56.35499999999999, 10.35175 56.35399999999999, 10.35 56.35399999999999))"
118,Cubio 118,68,21686.25,"POLYGON((10.35175 56.35399999999999, 10.35175 56.35499999999999, 10.353499999999999 56.35499999999999, 10.353499999999999 56.35399999999999, 10.35175 56.35399999999999))"
119,Cubio 119,90,21686.25,"POLYGON((10.353499999999999 56.35399999999999, 10.353499999999999 56.35499999999999, 10.355249999999998 56.35499999999999, 10.355249999999998 56.35399999999999, 10.353499999999999 56.35399999999999))"
120,Cubio 120,74,21686.25,"POLYGON((10.355249999999998 56.35399999999999, 10.355249999999998 56.35499999999999, 10.356999999999998 56.35499999999999, 10.356999999999998 56.35399999999999, 10.355249999999998 56.35399999999999))"
121,Cubio 121,90,21686.25,"POLYGON((10.356999999999998 56.35399999999999, 10.356999999999998 56.35499999999999, 10.358749999999997 56.35499999999999, 10.358749999999997 56.35399999999999, 10.356999999999998 56.35399999999999))"
122,Cubio 122,99,21686.25,"POLYGON((10.358749999999997 56.35399999999999, 10.358749999999997 56.35499999999999, 10.360499999999996 56.35499999999999, 10.360499999999996 56.35399999999999, 10.358749999999997 56.35399999999999))"
123,Cubio 123,58,21686.25,"POLYGON((10.360499999999996 56.35399999999999, 10.360499999999996 56.35499999999999, 10.362249999999996 56.35499999999999, 10.362249999999996 56.35399999999999, 10.360499999999996 56.35399999999999))"
124,Cubio 124,57,21686.25,"POLYGON((10.362249999999996 56.35399999999999, 10.362249999999996 56.35499999999999, 10.363999999999995 56.35499999999999, 10.363999999999995 56.35399999999999, 10.362249999999996 56.35399999999999))"
125,Cubio 125,63,21686.25,"POLYGON((10.363999999999995 56.35399999999999, 10.363999999999995 56.35499999999999, 10.365749999999995 56.35499999999999, 10.365749999999995 56.35399999999999, 10.363999999999995 56.35399999999999))"
126,Cubio 126,83,21686.25,"POLYGON((10.365749999999995 56.35399999999999, 10.365749999999995 56.35499999999999, 10.367499999999994 56.35499999999999, 10.367499999999994 56.35399999999999, 10.365749999999995 56.35399999999999))"
127,Cubio 127,72,21686.25,"POLYGON((10.367499999999994 56.35399999999999, 10.367499999999994 56.35499999999999, 10.369249999999994 56.35499999999999, 10.369249999999994 56.35399999999999, 10.367499999999994 56.35399999999999))"
128,Cubio 128,54,21686.25,"POLYGON((10.369249999999994 56.35399999999999, 10.369249999999994 56.35499999999999, 10.370999999999993 56.35499999999999, 10.370999999999993 56.35399999999999, 10.369249999999994 56.35399999999999))"
129,Cubio 129,64,21686.25,"POLYGON((10.370999999999993 56.35399999999999, 10.370999999999993 56.35499999999999, 10.372749999999993 56.35499999999999, 10.372749999999993 56.35399999999999, 10.370999999999993 56.35399999999999))"
130,Cubio 130,90,21686.25,"POLYGON((10.372749999999993 56.35399999999999, 10.372749999999993 56.35499999999999, 10.374499999999992 56.35499999999999, 10.374499999999992 56.35399999999999, 10.372749999999993 56.35399999999999))"
131,Cubio 131,84,21686.25,"POLYGON((10.374499999999992 56.35399999999999, 10.374499999999992 56.35499999999999, 10.376249999999992 56.35499999999999, 10.376249999999992 56.35399999999999, 10.374499999999992 56.35399999999999))"
132,Cubio 132,68,21686.25,"POLYGON((10.376249999999992 56.35399999999999, 10.376249999999992 56.35499999999999, 10.377999999999991 56.35499999999999, 10.377999999999991 56.35399999999999, 10.376249999999992 56.35399999999999))"
133,Cubio 133,82,21686.25,"POLYGON((10.377999999999991 56.35399999999999, 10.377999999999991 56.35499999999999, 10.37974999999999 56.35499999999999, 10.37974999999999 56.35399999999999, 10.377999999999991 56.35399999999999))"
134,Cubio 134,54,21686.25,"POLYGON((10.37974999999999 56.35399999999999, 10.37974999999999 56.35499999999999, 10.38149999999999 56.35499999999999, 10.38149999999999 56.35399999999999, 10.37974999999999 56.35399999999999))"
135,Cubio 135,64,21686.25,"POLYGON((10.38149999999999 56.35399999999999, 10.38149999999999 56.35499999999999, 10.38324999999999 56.35499999999999, 10.38324999999999 56.35399999999999, 10.38149999999999 56.35399999999999))"
136,Cubio 136,84,21686.25,"POLYGON((10.38324999999999 56.35399999999999, 10.38324999999999 56.35499999999999, 10.38499999999999 56.35499999999999, 10.38499999999999 56.35399999999999, 10.38324999999999 56.35399999999999))"
137,Cubio 137,56,21686.25,"POLYGON((10.38499999999999 56.35399999999999, 10.38499999999999 56.35499999999999, 10.386749999999989 56.35499999999999, 10.386749999999989 56.35399999999999, 10.38499999999999 56.35399999999999))"
138,Cubio 138,86,21686.25,"POLYGON((10.386749999999989 56.35399999999999, 10.386749999999989 56.35499999999999, 10.388499999999988 56.35499999999999, 10.388499999999988 56.35399999999999, 10.386749999999989 56.35399999999999))"
139,Cubio 139,96,21686.25,"POLYGON((10.388499999999988 56.35399999999999, 10.388499999999988 56.35499999999999, 10.390249999999988 56.35499999999999, 10.390249999999988 56.35399999999999, 10.388499999999988 56.35399999999999))"
140,Cubio 140,86,21686.25,"POLYGON((10.390249999999988 56.35399999999999, 10.390249999999988 56.35499999999999, 10.391999999999987 56.35499999999999, 10.391999999999987 56.35399999999999, 10.390249999999988 56.35399999999999))"
141,Cubio 141,61,21686.25,"POLYGON((10.391999999999987 56.35399999999999, 10.391999999999987 56.35499999999999, 10.393749999999986 56.35499999999999, 10.393749999999986 56.35399999999999, 10.391999999999987 56.35399999999999))"
142,Cubio 142,79,21686.25,"POLYGON((10.393749999999986 56.35399999999999, 10.393749999999986 56.35499999999999, 10.395499999999986 56.35499999999999, 10.395499999999986 56.35399999999999, 10.393749999999986 56.35399999999999))"
143,Cubio 143,50,21686.25,"POLYGON((10.395499999999986 56.35399999999999, 10.395499999999986 56.35499999999999, 10.397249999999985 56.35499999999999, 10.397249999999985 56.35399999999999, 10.395499999999986 56.35399999999999))"
144,Cubio 144,96,21686.25,"POLYGON((10.397249999999985 56.35399999999999, 10.397249999999985 56.35499999999999, 10.398999999999985 56.35499999999999, 10.398999999999985 56.35399999999999, 10.397249999999985 56.35399999999999))"
145,Cubio 145,91,21686.25,"POLYGON((10.398999999999985 56.35399999999999, 10.398999999999985 56.35499999999999, 10.400749999999984 56.35499999999999, 10.400749999999984 56.35399999999999, 10.398999999999985 56.35399999999999))"
146,Cubio 146,55,21686.25,"POLYGON((10.35 56.35499999999999, 10.35 56.35599999999999, 10.35175 56.35599999999999, 10.35175 56.35499999999999, 10.35 56.35499999999999))"
147,Cubio 147,64,21686.25,"POLYGON((10.35175 56.35499999999999, 10.35175 56.35599999999999, 10.353499999999999 56.35599999999999, 10.353499999999999 56.35499999999999, 10.35175 56.35499999999999))"
148,Cubio 148,83,21686.25,"POLYGON((10.353499999999999 56.35499999999999, 10.353499999999999 56.35599999999999, 10.355249999999998 56.35599999999999, 10.355249999999998 56.35499999999999, 10.353499999999999 56.35499999999999))"
149,Cubio 149,97,21686.25,"POLYGON((10.355249999999998 56.35499999999999, 10.355249999999998 56.35599999999999, 10.356999999999998 56.35599999999999, 10.356999999999998 56.35499999999999, 10.355249999999998 56.35499999999999))"
150,Cubio 150,83,21686.25,"POLYGON((10.356999999999998 56.35499999999999, 10.356999999999998 56.35599999999999, 10.358749999999997 56.35599999999999, 10.358749999999997 56.35499999999999, 10.356999999999998 56.35499999999999))"
151,Cubio 151,62,21686.25,"POLYGON((10.358749999999997 56.35499999999999, 10.358749999999997 56.35599999999999, 10.360499999999996 56.35599999999999, 10.360499999999996 56.35499999999999, 10.358749999999997 56.35499999999999))"
152,Cubio 152,85,21686.25,"POLYGON((10.360499999999996 56.35499999999999, 10.360499999999996 56.35599999999999, 10.362249999999996 56.35599999999999, 10.362249999999996 56.35499999999999, 10.360499999999996 56.35499999999999))"
153,Cubio 153,74,21686.25,"POLYGON((10.362249999999996 56.35499999999999, 10.362249999999996 56.35599999999999, 10.363999999999995 56.35599999999999, 10.363999999999995 56.35499999999999, 10.362249999999996 56.35499999999999))"
154,Cubio 154,68,21686.25,"POLYGON((10.363999999999995 56.35499999999999, 10.363999999999995 56.35599999999999, 10.365749999999995 56.35599999999999, 10.365749999999995 56.35499999999999, 10.363999999999995 56.35499999999999))"
155,Cubio 155,54,21686.25,"POLYGON((10.365749999999995 56.35499999999999, 10.365749999999995 56.35599999999999, 10.367499999999994 56.35599999999999, 10.367499999999994 56.35499999999999, 10.365749999999995 56.35499999999999))"
156,Cubio 156,58,21686.25,"POLYGON((10.367499999999994 56.35499999999999, 10.367499999999994 56.35599999999999, 10.369249999999994 56.35599999999999, 10.369249999999994 56.35499999999999, 10.367499999999994 56.35499999999999))"
157,Cubio 157,65,21686.25,"POLYGON((10.369249999999994 56.35499999999999, 10.369249999999994 56.35599999999999, 10.370999999999993 56.35599999999999, 10.370999999999993 56.35499999999999, 10.369249999999994 56.35499999999999))"
158,Cubio 158,97,21686.25,"POLYGON((10.370999999999993 56.35499999999999, 10.370999999999993 56.35599999999999, 10.372749999999993 56.35599999999999, 10.372749999999993 56.35499999999999, 10.370999999999993 56.35499999999999))"
159,Cubio 159,84,21686.25,"POLYGON((10.372749999999993 56.35499999999999, 10.372749999999993 56.35599999999999, 10.374499999999992 56.35599999999999, 10.374499999999992 56.35499999999999, 10.372749999999993 56.35499999999999))"
160,Cubio 160,50,21686.25,"POLYGON((10.374499999999992 56.35499999999999, 10.374499999999992 56.35599999999999, 10.376249999999992 56.35599999999999, 10.376249999999992 56.35499999999999, 10.374499999999992 56.35499999999999))"
161,Cubio 161,54,21686.25,"POLYGON((10.376249999999992 56.35499999999999, 10.376249999999992 56.35599999999999, 10.377999999999991 56.35599999999999, 10.377999999999991 56.35499999999999, 10.376249999999992 56.35499999999999))"
162,Cubio 162,87,21686.25,"POLYGON((10.377999999999991 56.35499999999999, 10.377999999999991 56.35599999999999, 10.37974999999999 56.35599999999999, 10.37974999999999 56.35499999999999, 10.377999999999991 56.35499999999999))"
163,Cubio 163,65,21686.25,"POLYGON((10.37974999999999 56.35499999999999, 10.37974999999999 56.35599999999999, 10.38149999999999 56.35599999999999, 10.38149999999999 56.35499999999999, 10.37974999999999 56.35499999999999))"
164,Cubio 164,59,21686.25,"POLYGON((10.38149999999999 56.35499999999999, 10.38149999999999 56.35599999999999, 10.38324999999999 56.35599999999999, 10.38324999999999 56.35499999999999, 10.38149999999999 56.35499999999999))"
165,Cubio 165,89,21686.25,"POLYGON((10.38324999999999 56.35499999999999, 10.38324999999999 56.35599999999999, 10.38499999999999 56.35599999999999, 10.38499999999999 56.35499999999999, 10.38324999999999 56.35499999999999))"
166,Cubio 166,100,21686.25,"POLYGON((10.38499999999999 56.35499999999999, 10.38499999999999 56.35599999999999, 10.386749999999989 56.35599999999999, 10.386749999999989 56.35499999999999, 10.38499999999999 56.35499999999999))"
167,Cubio 167,74,21686.25,"POLYGON((10.386749999999989 56.35499999999999, 10.386749999999989 56.35599999999999, 10.388499999999988 56.35599999999999, 10.388499999999988 56.35499999999999, 10.386749999999989 56.35499999999999))"
168,Cubio 168,62,21686.25,"POLYGON((10.388499999999988 56.35499999999999, 10.388499999999988 56.35599999999999, 10.390249999999988 56.35599999999999, 10.390249999999988 56.35499999999999, 10.388499999999988 56.35499999999999))"
169,Cubio 169,56,21686.25,"POLYGON((10.390249999999988 56.35499999999999, 10.390249999999988 56.35599999999999, 10.391999999999987 56.35599999999999, 10.391999999999987 56.35499999999999, 10.390249999999988 56.35499999999999))"
170,Cubio 170,85,21686.25,"POLYGON((10.391999999999987 56.35499999999999, 10.391999999999987 56.35599999999999, 10.393749999999986 56.35599999999999, 10.393749999999986 56.35499999999999, 10.391999999999987 56.35499999999999))"
171,Cubio 171,88,21686.25,"POLYGON((10.393749999999986 56.35499999999999, 10.393749999999986 56.35599999999999, 10.395499999999986 56.35599999999999, 10.395499999999986 56.35499999999999, 10.393749999999986 56.35499999999999))"
172,Cubio 172,59,21686.25,"POLYGON((10.395499999999986 56.35499999999999, 10.395499999999986 56.35599999999999, 10.397249999999985 56.35599999999999, 10.397249999999985 56.35499999999999, 10.395499999999986 56.35499999999999))"
173,Cubio 173,75,21686.25,"POLYGON((10.397249999999985 56.35499999999999, 10.397249999999985 56.35599999999999, 10.398999999999985 56.35599999999999, 10.398999999999985 56.35499999999999, 10.397249999999985 56.35499999999999))"
174,Cubio 174,85,21686.25,"POLYGON((10.398999999999985 56.35499999999999, 10.398999999999985 56.35599999999999, 10.400749999999984 56.35599999999999, 10.400749999999984 56.35499999999999, 10.398999999999985 56.35499999999999))"
175,Cubio 175,87,21686.25,"POLYGON((10.35 56.35599999999999, 10.35 56.356999999999985, 10.35175 56.356999999999985, 10.35175 56.35599999999999, 10.35 56.35599999999999))"
176,Cubio 176,59,21686.25,"POLYGON((10.35175 56.35599999999999, 10.35175 56.356999999999985, 10.353499999999999 56.356999999999985, 10.353499999999999 56.35599999999999, 10.35175 56.35599999999999))"
177,Cubio 177,58,21686.25,"POLYGON((10.353499999999999 56.35599999999999, 10.353499999999999 56.356999999999985, 10.355249999999998 56.356999999999985, 10.355249999999998 56.35599999999999, 10.353499999999999 56.35599999999999))"
178,Cubio 178,94,21686.25,"POLYGON((10.355249999999998 56.35599999999999, 10.355249999999998 56.356999999999985, 10.356999999999998 56.356999999999985, 10.356999999999998 56.35599999999999, 10.355249999999998 56.35599999999999))"
179,Cubio 179,58,21686.25,"POLYGON((10.356999999999998 56.35599999999999, 10.356999999999998 56.356999999999985, 10.358749999999997 56.356999999999985, 10.358749999999997 56.35599999999999, 10.356999999999998 56.35599999999999))"
180,Cubio 180,85,21686.25,"POLYGON((10.358749999999997 56.35599999999999, 10.358749999999997 56.356999999999985, 10.360499999999996 56.356999999999985, 10.360499999999996 56.35599999999999, 10.358749999999997 56.35599999999999))"
181,Cubio 181,61,21686.25,"POLYGON((10.360499999999996 56.35599999999999, 10.360499999999996 56.356999999999985, 10.362249999999996 56.356999999999985, 10.362249999999996 56.35599999999999, 10.360499999999996 56.35599999999999))"
182,Cubio 182,97,21686.25,"POLYGON((10.362249999999996 56.35599999999999, 10.362249999999996 56.356999999999985, 10.363999999999995 56.356999999999985, 10.363999999999995 56.35599999999999, 10.362249999999996 56.35599999999999))"
183,Cubio 183,99,21686.25,"POLYGON((10.363999999999995 56.35599999999999, 10.363999999999995 56.356999999999985, 10.365749999999995 56.356999999999985, 10.365749999999995 56.35599999999999, 10.363999999999995 56.35599999999999))"
184,Cubio 184,92,21686.25,"POLYGON((10.365749999999995 56.35599999999999, 10.365749999999995 56.356999999999985, 10.367499999999994 56.356999999999985, 10.367499999999994 56.35599999999999, 10.365749999999995 56.35599999999999))"
185,Cubio 185,59,21686.25,"POLYGON((10.367499999999994 56.35599999999999, 10.367499999999994 56.356999999999985, 10.369249999999994 56.356999999999985, 10.369249999999994 56.35599999999999, 10.367499999999994 56.35599999999999))"
186,Cubio 186,66,21686.25,"POLYGON((10.369249999999994 56.35599999999999, 10.369249999999994 56.356999999999985, 10.370999999999993 56.356999999999985, 10.370999999999993 56.35599999999999, 10.369249999999994 56.35599999999999))"
187,Cubio 187,98,21686.25,"POLYGON((10.370999999999993 56.35599999999999, 10.370999999999993 56.356999999999985, 10.372749999999993 56.356999999999985, 10.372749999999993 56.35599999999999, 10.370999999999993 56.35599999999999))"
188,Cubio 188,59,21686.25,"POLYGON((10.372749999999993 56.35599999999999, 10.372749999999993 56.356999999999985, 10.374499999999992 56.356999999999985, 10.374499999999992 56.35599999999999, 10.372749999999993 56.35599999999999))"
189,Cubio 189,89,21686.25,"POLYGON((10.374499999999992 56.35599999999999, 10.374499999999992 56.356999999999985, 10.376249999999992 56.356999999999985, 10.376249999999992 56.35599999999999, 10.374499999999992 56.35599999999999))"
190,Cubio 190,54,21686.25,"POLYGON((10.376249999999992 56.35599999999999, 10.376249999999992 56.356999999999985, 10.377999999999991 56.356999999999985, 10.377999999999991 56.35599999999999, 10.376249999999992 56.35599999999999))"
191,Cubio 191,76,21686.25,"POLYGON((10.377999999999991 56.35599999999999, 10.377999999999991 56.356999999999985, 10.37974999999999 56.356999999999985, 10.37974999999999 56.35599999999999, 10.377999999999991 56.35599999999999))"
192,Cubio 192,52,21686.25,"POLYGON((10.37974999999999 56.35599999999999, 10.37974999999999 56.356999999999985, 10.38149999999999 56.356999999999985, 10.38149999999999 56.35599999999999, 10.37974999999999 56.35599999999999))"
193,Cubio 193,76,21686.25,"POLYGON((10.38149999999999 56.35599999999999, 10.38149999999999 56.356999999999985, 10.38324999999999 56.356999999999985, 10.38324999999999 56.35599999999999, 10.38149999999999 56.35599999999999))"
194,Cubio 194,91,21686.25,"POLYGON((10.38324999999999 56.35599999999999, 10.38324999999999 56.356999999999985, 10.38499999999999 56.356999999999985, 10.38499999999999 56.35599999999999, 10.38324999999999 56.35599999999999))"
195,Cubio 195,99,21686.25,"POLYGON((10.38499999999999 56.35599999999999, 10.38499999999999 56.356999999999985, 10.386749999999989 56.356999999999985, 10.386749999999989 56.35599999999999, 10.38499999999999 56.35599999999999))"
196,Cubio 196,78,21686.25,"POLYGON((10.386749999999989 56.35599999999999, 10.386749999999989 56.356999999999985, 10.388499999999988 56.356999999999985, 10.388499999999988 56.35599999999999, 10.386749999999989 56.35599999999999))"
197,Cubio 197,81,21686.25,"POLYGON((10.388499999999988 56.35599999999999, 10.388499999999988 56.356999999999985, 10.390249999999988 56.356999999999985, 10.390249999999988 56.35599999999999, 10.388499999999988 56.35599999999999))"
198,Cubio 198,52,21686.25,"POLYGON((10.390249999999988 56.35599999999999, 10.390249999999988 56.356999999999985, 10.391999999999987 56.356999999999985, 10.391999999999987 56.35599999999999, 10.390249999999988 56.35599999999999))"
199,Cubio 199,75,21686.25,"POLYGON((10.391999999999987 56.35599999999999, 10.391999999999987 56.356999999999985, 10.393749999999986 56.356999999999985, 10.393749999999986 56.35599999999999, 10.391999999999987 56.35599999999999))"
200,Cubio 200,90,21686.25,"POLYGON((10.393749999999986 56.35599999999999, 10.393749999999986 56.356999999999985, 10.395499999999986 56.356999999999985, 10.395499999999986 56.35599999999999, 10.393749999999986 56.35599999999999))"
201,Cubio 201,55,21686.25,"POLYGON((10.395499999999986 56.35599999999999, 10.395499999999986 56.356999999999985, 10.397249999999985 56.356999999999985, 10.397249999999985 56.35599999999999, 10.395499999999986 56.35599999999999))"
202,Cubio 202,74,21686.25,"POLYGON((10.397249999999985 56.35599999999999, 10.397249999999985 56.356999999999985, 10.398999999999985 56.356999999999985, 10.398999999999985 56.35599999999999, 10.397249999999985 56.35599999999999))"
203,Cubio 203,55,21686.25,"POLYGON((10.398999999999985 56.35599999999999, 10.398999999999985 56.356999999999985, 10.400749999999984 56.356999999999985, 10.400749999999984 56.35599999999999, 10.398999999999985 56.35599999999999))"
204,Cubio 204,90,21686.25,"POLYGON((10.35 56.356999999999985, 10.35 56.35799999999998, 10.35175 56.35799999999998, 10.35175 56.356999999999985, 10.35 56.356999999999985))"
205,Cubio 205,85,21686.25,"POLYGON((10.35175 56.356999999999985, 10.35175 56.35799999999998, 10.353499999999999 56.35799999999998, 10.353499999999999 56.356999999999985, 10.35175 56.356999999999985))"
206,Cubio 206,63,21686.25,"POLYGON((10.353499999999999 56.356999999999985, 10.353499999999999 56.35799999999998, 10.355249999999998 56.35799999999998, 10.355249999999998 56.356999999999985, 10.353499999999999 56.356999999999985))"
207,Cubio 207,90,21686.25,"POLYGON((10.355249999999998 56.356999999999985, 10.355249999999998 56.35799999999998, 10.356999999999998 56.35799999999998, 10.356999999999998 56.356999999999985, 10.355249999999998 56.356999999999985))"
208,Cubio 208,80,21686.25,"POLYGON((10.356999999999998 56.356999999999985, 10.356999999999998 56.35799999999998, 10.358749999999997 56.35799999999998, 10.358749999999997 56.356999999999985, 10.356999999999998 56.356999999999985))"
209,Cubio 209,87,21686.25,"POLYGON((10.358749999999997 56.356999999999985, 10.358749999999997 56.35799999999998, 10.360499999999996 56.35799999999998, 10.360499999999996 56.356999999999985, 10.358749999999997 56.356999999999985))"
210,Cubio 210,51,21686.25,"POLYGON((10.360499999999996 56.356999999999985, 10.360499999999996 56.35799999999998, 10.362249999999996 56.35799999999998, 10.362249999999996 56.356999999999985, 10.360499999999996 56.356999999999985))"
211,Cubio 211,64,21686.25,"POLYGON((10.362249999999996 56.356999999999985, 10.362249999999996 56.35799999999998, 10.363999999999995 56.35799999999998, 10.363999999999995 56.356999999999985, 10.362249999999996 56.356999999999985))"
212,Cubio 212,75,21686.25,"POLYGON((10.363999999999995 56.356999999999985, 10.363999999999995 56.35799999999998, 10.365749999999995 56.35799999999998, 10.365749999999995 56.356999999999985, 10.363999999999995 56.356999999999985))"
213,Cubio 213,58,21686.25,"POLYGON((10.365749999999995 56.356999999999985, 10.365749999999995 56.35799999999998, 10.367499999999994 56.35799999999998, 10.367499999999994 56.356999999999985, 10.365749999999995 56.356999999999985))"
214,Cubio 214,54,21686.25,"POLYGON((10.367499999999994 56.356999999999985, 10.367499999999994 56.35799999999998, 10.369249999999994 56.35799999999998, 10.369249999999994 56.356999999999985, 10.367499999999994 56.356999999999985))"
215,Cubio 215,68,21686.25,"POLYGON((10.369249999999994 56.356999999999985, 10.369249999999994 56.35799999999998, 10.370999999999993 56.35799999999998, 10.370999999999993 56.356999999999985, 10.369249999999994 56.356999999999985))"
216,Cubio 216,60,21686.25,"POLYGON((10.370999999999993 56.356999999999985, 10.370999999999993 56.35799999999998, 10.372749999999993 56.35799999999998, 10.372749999999993 56.356999999999985, 10.370999999999993 56.356999999999985))"
217,Cubio 217,81,21686.25,"POLYGON((10.372749999999993 56.356999999999985, 10.372749999999993 56.35799999999998, 10.374499999999992 56.35799999999998, 10.374499999999992 56.356999999999985, 10.372749999999993 56.356999999999985))"
218,Cubio 218,57,21686.25,"POLYGON((10.374499999999992 56.356999999999985, 10.374499999999992 56.35799999999998, 10.376249999999992 56.35799999999998, 10.376249999999992 56.356999999999985, 10.374499999999992 56.356999999999985))"
219,Cubio 219,67,21686.25,"POLYGON((10.376249999999992 56.356999999999985, 10.376249999999992 56.35799999999998, 10.377999999999991 56.35799999999998, 10.377999999999991 56.356999999999985, 10.376249999999992 56.356999999999985))"
220,Cubio 220,50,21686.25,"POLYGON((10.377999999999991 56.356999999999985, 10.377999999999991 56.35799999999998, 10.37974999999999 56.35799999999998, 10.37974999999999 56.356999999999985, 10.377999999999991 56.356999999999985))"
221,Cubio 221,64,21686.25,"POLYGON((10.37974999999999 56.356999999999985, 10.37974999999999 56.35799999999998, 10.38149999999999 56.35799999999998, 10.38149999999999 56.356999999999985, 10.37974999999999 56.356999999999985))"
222,Cubio 222,71,21686.25,"POLYGON((10.38149999999999 56.356999999999985, 10.38149999999999 56.35799999999998, 10.38324999999999 56.35799999999998, 10.38324999999999 56.356999999999985, 10.38149999999999 56.356999999999985))"
223,Cubio 223,50,21686.25,"POLYGON((10.38324999999999 56.356999999999985, 10.38324999999999 56.35799999999998, 10.38499999999999 56.35799999999998, 10.38499999999999 56.356999999999985, 10.38324999999999 56.356999999999985))"
224,Cubio 224,60,21686.25,"POLYGON((10.38499999999999 56.356999999999985, 10.38499999999999 56.35799999999998, 10.386749999999989 56.35799999999998, 10.386749999999989 56.356999999999985, 10.38499999999999 56.356999999999985))"
225,Cubio 225,57,21686.25,"POLYGON((10.386749999999989 56.356999999999985, 10.386749999999989 56.35799999999998, 10.388499999999988 56.35799999999998, 10.388499999999988 56.356999999999985, 10.386749999999989 56.356999999999985))"
226,Cubio 226,75,21686.25,"POLYGON((10.388499999999988 56.356999999999985, 10.388499999999988 56.35799999999998, 10.390249999999988 56.35799999999998, 10.390249999999988 56.356999999999985, 10.388499999999988 56.356999999999985))"
227,Cubio 227,57,21686.25,"POLYGON((10.390249999999988 56.356999999999985, 10.390249999999988 56.35799999999998, 10.391999999999987 56.35799999999998, 10.391999999999987 56.356999999999985, 10.390249999999988 56.356999999999985))"
228,Cubio 228,76,21686.25,"POLYGON((10.391999999999987 56.356999999999985, 10.391999999999987 56.35799999999998, 10.393749999999986 56.35799999999998, 10.393749999999986 56.356999999999985, 10.391999999999987 56.356999999999985))"
229,Cubio 229,61,21686.25,"POLYGON((10.393749999999986 56.356999999999985, 10.393749999999986 56.35799999999998, 10.395499999999986 56.35799999999998, 10.395499999999986 56.356999999999985, 10.393749999999986 56.356999999999985))"
230,Cubio 230,95,21686.25,"POLYGON((10.395499999999986 56.356999999999985, 10.395499999999986 56.35799999999998, 10.397249999999985 56.35799999999998, 10.397249999999985 56.356999999999985, 10.395499999999986 56.356999999999985))"
231,Cubio 231,91,21686.25,"POLYGON((10.397249999999985 56.356999999999985, 10.397249999999985 56.35799999999998, 10.398999999999985 56.35799999999998, 10.398999999999985 56.356999999999985, 10.397249999999985 56.356999999999985))"
232,Cubio 232,83,21686.25,"POLYGON((10.398999999999985 56.356999999999985, 10.398999999999985 56.35799999999998, 10.400749999999984 56.35799999999998, 10.400749999999984 56.356999999999985, 10.398999999999985 56.356999999999985))"
233,Cubio 233,84,21686.25,"POLYGON((10.35 56.35799999999998, 10.35 56.35899999999998, 10.35175 56.35899999999998, 10.35175 56.35799999999998, 10.35 56.35799999999998))"
234,Cubio 234,60,21686.25,"POLYGON((10.35175 56.35799999999998, 10.35175 56.35899999999998, 10.353499999999999 56.35899999999998, 10.353499999999999 56.35799999999998, 10.35175 56.35799999999998))"
235,Cubio 235,88,21686.25,"POLYGON((10.353499999999999 56.35799999999998, 10.353499999999999 56.35899999999998, 10.355249999999998 56.35899999999998, 10.355249999999998 56.35799999999998, 10.353499999999999 56.35799999999998))"
236,Cubio 236,80,21686.25,"POLYGON((10.355249999999998 56.35799999999998, 10.355249999999998 56.35899999999998, 10.356999999999998 56.35899999999998, 10.356999999999998 56.35799999999998, 10.355249999999998 56.35799999999998))"
237,Cubio 237,76,21686.25,"POLYGON((10.356999999999998 56.35799999999998, 10.356999999999998 56.35899999999998, 10.358749999999997 56.35899999999998, 10.358749999999997 56.35799999999998, 10.356999999999998 56.35799999999998))"
238,Cubio 238,93,21686.25,"POLYGON((10.358749999999997 56.35799999999998, 10.358749999999997 56.35899999999998, 10.360499999999996 56.35899999999998, 10.360499999999996 56.35799999999998, 10.358749999999997 56.35799999999998))"
239,Cubio 239,58,21686.25,"POLYGON((10.360499999999996 56.35799999999998, 10.360499999999996 56.35899999999998, 10.362249999999996 56.35899999999998, 10.362249999999996 56.35799999999998, 10.360499999999996 56.35799999999998))"
240,Cubio 240,51,21686.25,"POLYGON((10.362249999999996 56.35799999999998, 10.362249999999996 56.35899999999998, 10.363999999999995 56.35899999999998, 10.363999999999995 56.35799999999998, 10.362249999999996 56.35799999999998))"
241,Cubio 241,64,21686.25,"POLYGON((10.363999999999995 56.35799999999998, 10.363999999999995 56.35899999999998, 10.365749999999995 56.35899999999998, 10.365749999999995 56.35799999999998, 10.363999999999995 56.35799999999998))"
242,Cubio 242,54,21686.25,"POLYGON((10.365749999999995 56.35799999999998, 10.365749999999995 56.35899999999998, 10.367499999999994 56.35899999999998, 10.367499999999994 56.35799999999998, 10.365749999999995 56.35799999999998))"
243,Cubio 243,82,21686.25,"POLYGON((10.367499999999994 56.35799999999998, 10.367499999999994 56.35899999999998, 10.369249999999994 56.35899999999998, 10.369249999999994 56.35799999999998, 10.367499999999994 56.35799999999998))"
244,Cubio 244,81,21686.25,"POLYGON((10.369249999999994 56.35799999999998, 10.369249999999994 56.35899999999998, 10.370999999999993 56.35899999999998, 10.370999999999993 56.35799999999998, 10.369249999999994 56.35799999999998))"
245,Cubio 245,57,21686.25,"POLYGON((10.370999999999993 56.35799999999998, 10.370999999999993 56.35899999999998, 10.372749999999993 56.35899999999998, 10.372749999999993 56.35799999999998, 10.370999999999993 56.35799999999998))"
246,Cubio 246,73,21686.25,"POLYGON((10.372749999999993 56.35799999999998, 10.372749999999993 56.35899999999998, 10.374499999999992 56.35899999999998, 10.374499999999992 56.35799999999998, 10.372749999999993 56.35799999999998))"
247,Cubio 247,51,21686.25,"POLYGON((10.374499999999992 56.35799999999998, 10.374499999999992 56.35899999999998, 10.376249999999992 56.35899999999998, 10.376249999999992 56.35799999999998, 10.374499999999992 56.35799999999998))"
248,Cubio 248,68,21686.25,"POLYGON((10.376249999999992 56.35799999999998, 10.376249999999992 56.35899999999998, 10.377999999999991 56.35899999999998, 10.377999999999991 56.35799999999998, 10.376249999999992 56.35799999999998))"
249,Cubio 249,98,21686.25,"POLYGON((10.377999999999991 56.35799999999998, 10.377999999999991 56.35899999999998, 10.37974999999999 56.35899999999998, 10.37974999999999 56.35799999999998, 10.377999999999991 56.35799999999998))"
250,Cubio 250,81,21686.25,"POLYGON((10.37974999999999 56.35799999999998, 10.37974999999999 56.35899999999998, 10.38149999999999 56.35899999999998, 10.38149999999999 56.35799999999998, 10.37974999999999 56.35799999999998))"
251,Cubio 251,85,21686.25,"POLYGON((10.38149999999999 56.35799999999998, 10.38149999999999 56.35899999999998, 10.38324999999999 56.35899999999998, 10.38324999999999 56.35799999999998, 10.38149999999999 56.35799999999998))"
252,Cubio 252,82,21686.25,"POLYGON((10.38324999999999 56.35799999999998, 10.38324999999999 56.35899999999998, 10.38499999999999 56.35899999999998, 10.38499999999999 56.35799999999998, 10.38324999999999 56.35799999999998))"
253,Cubio 253,51,21686.25,"POLYGON((10.38499999999999 56.35799999999998, 10.38499999999999 56.35899999999998, 10.386749999999989 56.35899999999998, 10.386749999999989 56.35799999999998, 10.38499999999999 56.35799999999998))"
254,Cubio 254,60,21686.25,"POLYGON((10.386749999999989 56.35799999999998, 10.386749999999989 56.35899999999998, 10.388499999999988 56.35899999999998, 10.388499999999988 56.35799999999998, 10.386749999999989 56.35799999999998))"
255,Cubio 255,91,21686.25,"POLYGON((10.388499999999988 56.35799999999998, 10.388499999999988 56.35899999999998, 10.390249999999988 56.35899999999998, 10.390249999999988 56.35799999999998, 10.388499999999988 56.35799999999998))"
256,Cubio 256,79,21686.25,"POLYGON((10.390249999999988 56.35799999999998, 10.390249999999988 56.35899999999998, 10.391999999999987 56.35899999999998, 10.391999999999987 56.35799999999998, 10.390249999999988 56.35799999999998))"
257,Cubio 257,71,21686.25,"POLYGON((10.391999999999987 56.35799999999998, 10.391999999999987 56.35899999999998, 10.393749999999986 56.35899999999998, 10.393749999999986 56.35799999999998, 10.391999999999987 56.35799999999998))"
258,Cubio 258,62,21686.25,"POLYGON((10.393749999999986 56.35799999999998, 10.393749999999986 56.35899999999998, 10.395499999999986 56.35899999999998, 10.395499999999986 56.35799999999998, 10.393749999999986 56.35799999999998))"
259,Cubio 259,55,21686.25,"POLYGON((10.395499999999986 56.35799999999998, 10.395499999999986 56.35899999999998, 10.397249999999985 56.35899999999998, 10.397249999999985 56.35799999999998, 10.395499999999986 56.35799999999998))"
260,Cubio 260,60,21686.25,"POLYGON((10.397249999999985 56.35799999999998, 10.397249999999985 56.35899999999998, 10.398999999999985 56.35899999999998, 10.398999999999985 56.35799999999998, 10.397249999999985 56.35799999999998))"
261,Cubio 261,68,21686.25,"POLYGON((10.398999999999985 56.35799999999998, 10.398999999999985 56.35899999999998, 10.400749999999984 56.35899999999998, 10.400749999999984 56.35799999999998, 10.398999999999985 56.35799999999998))"
262,Cubio 262,63,21686.25,"POLYGON((10.35 56.35899999999998, 10.35 56.35999999999998, 10.35175 56.35999999999998, 10.35175 56.35899999999998, 10.35 56.35899999999998))"
263,Cubio 263,69,21686.25,"POLYGON((10.35175 56.35899999999998, 10.35175 56.35999999999998, 10.353499999999999 56.35999999999998, 10.353499999999999 56.35899999999998, 10.35175 56.35899999999998))"
264,Cubio 264,51,21686.25,"POLYGON((10.353499999999999 56.35899999999998, 10.353499999999999 56.35999999999998, 10.355249999999998 56.35999999999998, 10.355249999999998 56.35899999999998, 10.353499999999999 56.35899999999998))"
265,Cubio 265,72,21686.25,"POLYGON((10.355249999999998 56.35899999999998, 10.355249999999998 56.35999999999998, 10.356999999999998 56.35999999999998, 10.356999999999998 56.35899999999998, 10.355249999999998 56.35899999999998))"
266,Cubio 266,94,21686.25,"POLYGON((10.356999999999998 56.35899999999998, 10.356999999999998 56.35999999999998, 10.358749999999997 56.35999999999998, 10.358749999999997 56.35899999999998, 10.356999999999998 56.35899999999998))"
267,Cubio 267,53,21686.25,"POLYGON((10.358749999999997 56.35899999999998, 10.358749999999997 56.35999999999998, 10.360499999999996 56.35999999999998, 10.360499999999996 56.35899999999998, 10.358749999999997 56.35899999999998))"
268,Cubio 268,73,21686.25,"POLYGON((10.360499999999996 56.35899999999998, 10.360499999999996 56.35999999999998, 10.362249999999996 56.35999999999998, 10.362249999999996 56.35899999999998, 10.360499999999996 56.35899999999998))"
269,Cubio 269,93,21686.25,"POLYGON((10.362249999999996 56.35899999999998, 10.362249999999996 56.35999999999998, 10.363999999999995 56.35999999999998, 10.363999999999995 56.35899999999998, 10.362249999999996 56.35899999999998))"
270,Cubio 270,71,21686.25,"POLYGON((10.363999999999995 56.35899999999998, 10.363999999999995 56.35999999999998, 10.365749999999995 56.35999999999998, 10.365749999999995 56.35899999999998, 10.363999999999995 56.35899999999998))"
271,Cubio 271,98,21686.25,"POLYGON((10.365749999999995 56.35899999999998, 10.365749999999995 56.35999999999998, 10.367499999999994 56.35999999999998, 10.367499999999994 56.35899999999998, 10.365749999999995 56.35899999999998))"
272,Cubio 272,73,21686.25,"POLYGON((10.367499999999994 56.35899999999998, 10.367499999999994 56.35999999999998, 10.369249999999994 56.35999999999998, 10.369249999999994 56.35899999999998, 10.367499999999994 56.35899999999998))"
273,Cubio 273,99,21686.25,"POLYGON((10.369249999999994 56.35899999999998, 10.369249999999994 56.35999999999998, 10.370999999999993 56.35999999999998, 10.370999999999993 56.35899999999998, 10.369249999999994 56.35899999999998))"
274,Cubio 274,69,21686.25,"POLYGON((10.370999999999993 56.35899999999998, 10.370999999999993 56.35999999999998, 10.372749999999993 56.35999999999998, 10.372749999999993 56.35899999999998, 10.370999999999993 56.35899999999998))"
275,Cubio 275,87,21686.25,"POLYGON((10.372749999999993 56.35899999999998, 10.372749999999993 56.35999999999998, 10.374499999999992 56.35999999999998, 10.374499999999992 56.35899999999998, 10.372749999999993 56.35899999999998))"
276,Cubio 276,100,21686.25,"POLYGON((10.374499999999992 56.35899999999998, 10.374499999999992 56.35999999999998, 10.376249999999992 56.35999999999998, 10.376249999999992 56.35899999999998, 10.374499999999992 56.35899999999998))"
277,Cubio 277,57,21686.25,"POLYGON((10.376249999999992 56.35899999999998, 10.376249999999992 56.35999999999998, 10.377999999999991 56.35999999999998, 10.377999999999991 56.35899999999998, 10.376249999999992 56.35899999999998))"
278,Cubio 278,54,21686.25,"POLYGON((10.377999999999991 56.35899999999998, 10.377999999999991 56.35999999999998, 10.37974999999999 56.35999999999998, 10.37974999999999 56.35899999999998, 10.377999999999991 56.35899999999998))"
279,Cubio 279,65,21686.25,"POLYGON((10.37974999999999 56.35899999999998, 10.37974999999999 56.35999999999998, 10.38149999999999 56.35999999999998, 10.38149999999999 56.35899999999998, 10.37974999999999 56.35899999999998))"
280,Cubio 280,51,21686.25,"POLYGON((10.38149999999999 56.35899999999998, 10.38149999999999 56.35999999999998, 10.38324999999999 56.35999999999998, 10.38324999999999 56.35899999999998, 10.38149999999999 56.35899999999998))"
281,Cubio 281,97,21686.25,"POLYGON((10.38324999999999 56.35899999999998, 10.38324999999999 56.35999999999998, 10.38499999999999 56.35999999999998, 10.38499999999999 56.35899999999998, 10.38324999999999 56.35899999999998))"
282,Cubio 282,78,21686.25,"POLYGON((10.38499999999999 56.35899999999998, 10.38499999999999 56.35999999999998, 10.386749999999989 56.35999999999998, 10.386749999999989 56.35899999999998, 10.38499999999999 56.35899999999998))"
283,Cubio 283,68,21686.25,"POLYGON((10.386749999999989 56.35899999999998, 10.386749999999989 56.35999999999998, 10.388499999999988 56.35999999999998, 10.388499999999988 56.35899999999998, 10.386749999999989 56.35899999999998))"
284,Cubio 284,53,21686.25,"POLYGON((10.388499999999988 56.35899999999998, 10.388499999999988 56.35999999999998, 10.390249999999988 56.35999999999998, 10.390249999999988 56.35899999999998, 10.388499999999988 56.35899999999998))"
285,Cubio 285,91,21686.25,"POLYGON((10.390249999999988 56.35899999999998, 10.390249999999988 56.35999999999998, 10.391999999999987 56.35999999999998, 10.391999999999987 56.35899999999998, 10.390249999999988 56.35899999999998))"
286,Cubio 286,70,21686.25,"POLYGON((10.391999999999987 56.35899999999998, 10.391999999999987 56.35999999999998, 10.393749999999986 56.35999999999998, 10.393749999999986 56.35899999999998, 10.391999999999987 56.35899999999998))"
287,Cubio 287,64,21686.25,"POLYGON((10.393749999999986 56.35899999999998, 10.393749999999986 56.35999999999998, 10.395499999999986 56.35999999999998, 10.395499999999986 56.35899999999998, 10.393749999999986 56.35899999999998))"
288,Cubio 288,54,21686.25,"POLYGON((10.395499999999986 56.35899999999998, 10.395499999999986 56.35999999999998, 10.397249999999985 56.35999999999998, 10.397249999999985 56.35899999999998, 10.395499999999986 56.35899999999998))"
289,Cubio 289,64,21686.25,"POLYGON((10.397249999999985 56.35899999999998, 10.397249999999985 56.35999999999998, 10.398999999999985 56.35999999999998, 10.398999999999985 56.35899999999998, 10.397249999999985 56.35899999999998))"
290,Cubio 290,78,21686.25,"POLYGON((10.398999999999985 56.35899999999998, 10.398999999999985 56.35999999999998, 10.400749999999984 56.35999999999998, 10.400749999999984 56.35899999999998, 10.398999999999985 56.35899999999998))"
291,Cubio 291,80,21686.25,"POLYGON((10.35 56.35999999999998, 10.35 56.360999999999976, 10.35175 56.360999999999976, 10.35175 56.35999999999998, 10.35 56.35999999999998))"
292,Cubio 292,85,21686.25,"POLYGON((10.35175 56.35999999999998, 10.35175 56.360999999999976, 10.353499999999999 56.360999999999976, 10.353499999999999 56.35999999999998, 10.35175 56.35999999999998))"
293,Cubio 293,66,21686.25,"POLYGON((10.353499999999999 56.35999999999998, 10.353499999999999 56.360999999999976, 10.355249999999998 56.360999999999976, 10.355249999999998 56.35999999999998, 10.353499999999999 56.35999999999998))"
294,Cubio 294,55,21686.25,"POLYGON((10.355249999999998 56.35999999999998, 10.355249999999998 56.360999999999976, 10.356999999999998 56.360999999999976, 10.356999999999998 56.35999999999998, 10.355249999999998 56.35999999999998))"
295,Cubio 295,100,21686.25,"POLYGON((10.356999999999998 56.35999999999998, 10.356999999999998 56.360999999999976, 10.358749999999997 56.360999999999976, 10.358749999999997 56.35999999999998, 10.356999999999998 56.35999999999998))"
296,Cubio 296,57,21686.25,"POLYGON((10.358749999999997 56.35999999999998, 10.358749999999997 56.360999999999976, 10.360499999999996 56.360999999999976, 10.360499999999996 56.35999999999998, 10.358749999999997 56.35999999999998))"
297,Cubio 297,81,21686.25,"POLYGON((10.360499999999996 56.35999999999998, 10.360499999999996 56.360999999999976, 10.362249999999996 56.360999999999976, 10.362249999999996 56.35999999999998, 10.360499999999996 56.35999999999998))"
298,Cubio 298,63,21686.25,"POLYGON((10.362249999999996 56.35999999999998, 10.362249999999996 56.360999999999976, 10.363999999999995 56.360999999999976, 10.363999999999995 56.35999999999998, 10.362249999999996 56.35999999999998))"
299,Cubio 299,78,21686.25,"POLYGON((10.363999999999995 56.35999999999998, 10.363999999999995 56.360999999999976, 10.365749999999995 56.360999999999976, 10.365749999999995 56.35999999999998, 10.363999999999995 56.35999999999998))"
300,Cubio 300,97,21686.25,"POLYGON((10.365749999999995 56.35999999999998, 10.365749999999995 56.360999999999976, 10.367499999999994 56.360999999999976, 10.367499999999994 56.35999999999998, 10.365749999999995 56.35999999999998))"
301,Cubio 301,57,21686.25,"POLYGON((10.367499999999994 56.35999999999998, 10.367499999999994 56.360999999999976, 10.369249999999994 56.360999999999976, 10.369249999999994 56.35999999999998, 10.367499999999994 56.35999999999998))"
302,Cubio 302,78,21686.25,"POLYGON((10.369249999999994 56.35999999999998, 10.369249999999994 56.360999999999976, 10.370999999999993 56.360999999999976, 10.370999999999993 56.35999999999998, 10.369249999999994 56.35999999999998))"
303,Cubio 303,89,21686.25,"POLYGON((10.370999999999993 56.35999999999998, 10.370999999999993 56.360999999999976, 10.372749999999993 56.360999999999976, 10.372749999999993 56.35999999999998, 10.370999999999993 56.35999999999998))"
304,Cubio 304,88,21686.25,"POLYGON((10.372749999999993 56.35999999999998, 10.372749999999993 56.360999999999976, 10.374499999999992 56.360999999999976, 10.374499999999992 56.35999999999998, 10.372749999999993 56.35999999999998))"
305,Cubio 305,50,21686.25,"POLYGON((10.374499999999992 56.35999999999998, 10.374499999999992 56.360999999999976, 10.376249999999992 56.360999999999976, 10.376249999999992 56.35999999999998, 10.374499999999992 56.35999999999998))"
306,Cubio 306,59,21686.25,"POLYGON((10.376249999999992 56.35999999999998, 10.376249999999992 56.360999999999976, 10.377999999999991 56.360999999999976, 10.377999999999991 56.35999999999998, 10.376249999999992 56.35999999999998))"
307,Cubio 307,97,21686.25,"POLYGON((10.377999999999991 56.35999999999998, 10.377999999999991 56.360999999999976, 10.37974999999999 56.360999999999976, 10.37974999999999 56.35999999999998, 10.377999999999991 56.35999999999998))"
308,Cubio 308,94,21686.25,"POLYGON((10.37974999999999 56.35999999999998, 10.37974999999999 56.360999999999976, 10.38149999999999 56.360999999999976, 10.38149999999999 56.35999999999998, 10.37974999999999 56.35999999999998))"
309,Cubio 309,100,21686.25,"POLYGON((10.38149999999999 56.35999999999998, 10.38149999999999 56.360999999999976, 10.38324999999999 56.360999999999976, 10.38324999999999 56.35999999999998, 10.38149999999999 56.35999999999998))"
310,Cubio 310,55,21686.25,"POLYGON((10.38324999999999 56.35999999999998, 10.38324999999999 56.360999999999976, 10.38499999999999 56.360999999999976, 10.38499999999999 56.35999999999998, 10.38324999999999 56.35999999999998))"
311,Cubio 311,71,21686.25,"POLYGON((10.38499999999999 56.35999999999998, 10.38499999999999 56.360999999999976, 10.386749999999989 56.360999999999976, 10.386749999999989 56.35999999999998, 10.38499999999999 56.35999999999998))"
312,Cubio 312,92,21686.25,"POLYGON((10.386749999999989 56.35999999999998, 10.386749999999989 56.360999999999976, 10.388499999999988 56.360999999999976, 10.388499999999988 56.35999999999998, 10.386749999999989 56.35999999999998))"
313,Cubio 313,89,21686.25,"POLYGON((10.388499999999988 56.35999999999998, 10.388499999999988 56.360999999999976, 10.390249999999988 56.360999999999976, 10.390249999999988 56.35999999999998, 10.388499999999988 56.35999999999998))"
314,Cubio 314,63,21686.25,"POLYGON((10.390249999999988 56.35999999999998, 10.390249999999988 56.360999999999976, 10.391999999999987 56.360999999999976, 10.391999999999987 56.35999999999998, 10.390249999999988 56.35999999999998))"
315,Cubio 315,98,21686.25,"POLYGON((10.391999999999987 56.35999999999998, 10.391999999999987 56.360999999999976, 10.393749999999986 56.360999999999976, 10.393749999999986 56.35999999999998, 10.391999999999987 56.35999999999998))"
316,Cubio 316,66,21686.25,"POLYGON((10.393749999999986 56.35999999999998, 10.393749999999986 56.360999999999976, 10.395499999999986 56.360999999999976, 10.395499999999986 56.35999999999998, 10.393749999999986 56.35999999999998))"
317,Cubio 317,91,21686.25,"POLYGON((10.395499999999986 56.35999999999998, 10.395499999999986 56.360999999999976, 10.397249999999985 56.360999999999976, 10.397249999999985 56.35999999999998, 10.395499999999986 56.35999999999998))"
318,Cubio 318,90,21686.25,"POLYGON((10.397249999999985 56.35999999999998, 10.397249999999985 56.360999999999976, 10.398999999999985 56.360999999999976, 10.398999999999985 56.35999999999998, 10.397249999999985 56.35999999999998))"
319,Cubio 319,94,21686.25,"POLYGON((10.398999999999985 56.35999999999998, 10.398999999999985 56.360999999999976, 10.400749999999984 56.360999999999976, 10.400749999999984 56.35999999999998, 10.398999999999985 56.35999999999998))"
