id,name,nature_value,shannon_index,ndvi,soil_quality_value,area_size,geom
1,Cubio 1,0.3349,0.5273,0.3456,0.0677,21686.25,"POLYGON((10.35 56.35, 10.35 56.351, 10.35175 56.351, 10.35175 56.35, 10.35 56.35))"
2,Cubio 2,0.6514,0.6257,0.655,0.682,21686.25,"POLYGON((10.35175 56.35, 10.35175 56.351, 10.353499999999999 56.351, 10.353499999999999 56.35, 10.35175 56.35))"
3,Cubio 3,0.7338,0.6967,0.8559,0.6612,21686.25,"POLYGON((10.353499999999999 56.35, 10.353499999999999 56.351, 10.355249999999998 56.351, 10.355249999999998 56.35, 10.353499999999999 56.35))"
4,Cubio 4,0.6252,0.7981,0.6595,0.3603,21686.25,"POLYGON((10.355249999999998 56.35, 10.355249999999998 56.351, 10.356999999999998 56.351, 10.356999999999998 56.35, 10.355249999999998 56.35))"
5,Cubio 5,0.4454,0.278,0.3586,0.7555,21686.25,"POLYGON((10.356999999999998 56.35, 10.356999999999998 56.351, 10.358749999999997 56.351, 10.358749999999997 56.35, 10.356999999999998 56.35))"
6,Cubio 6,0.3658,0.4808,0.089,0.4892,21686.25,"POLYGON((10.358749999999997 56.35, 10.358749999999997 56.351, 10.360499999999996 56.351, 10.360499999999996 56.35, 10.358749999999997 56.35))"
7,Cubio 7,0.4047,0.2938,0.5518,0.4054,21686.25,"POLYGON((10.360499999999996 56.35, 10.360499999999996 56.351, 10.362249999999996 56.351, 10.362249999999996 56.35, 10.360499999999996 56.35))"
8,Cubio 8,0.6292,0.5283,0.6278,0.7651,21686.25,"POLYGON((10.362249999999996 56.35, 10.362249999999996 56.351, 10.363999999999995 56.351, 10.363999999999995 56.35, 10.362249999999996 56.35))"
9,Cubio 9,0.5819,0.6149,0.4024,0.7175,21686.25,"POLYGON((10.363999999999995 56.35, 10.363999999999995 56.351, 10.365749999999995 56.351, 10.365749999999995 56.35, 10.363999999999995 56.35))"
10,Cubio 10,0.8445,0.9467,0.8273,0.7254,21686.25,"POLYGON((10.365749999999995 56.35, 10.365749999999995 56.351, 10.367499999999994 56.351, 10.367499999999994 56.35, 10.365749999999995 56.35))"
11,Cubio 11,0.7933,0.8054,0.6597,0.9107,21686.25,"POLYGON((10.367499999999994 56.35, 10.367499999999994 56.351, 10.369249999999994 56.351, 10.369249999999994 56.35, 10.367499999999994 56.35))"
12,Cubio 12,0.637,0.7303,0.5618,0.5879,21686.25,"POLYGON((10.369249999999994 56.35, 10.369249999999994 56.351, 10.370999999999993 56.351, 10.370999999999993 56.35, 10.369249999999994 56.35))"
13,Cubio 13,0.5996,0.7937,0.7177,0.2226,21686.25,"POLYGON((10.370999999999993 56.35, 10.370999999999993 56.351, 10.372749999999993 56.351, 10.372749999999993 56.35, 10.370999999999993 56.35))"
14,Cubio 14,0.432,0.5596,0.2589,0.4348,21686.25,"POLYGON((10.372749999999993 56.35, 10.372749999999993 56.351, 10.374499999999992 56.351, 10.374499999999992 56.35, 10.372749999999993 56.35))"
15,Cubio 15,0.6648,0.4986,0.9145,0.6369,21686.25,"POLYGON((10.374499999999992 56.35, 10.374499999999992 56.351, 10.376249999999992 56.351, 10.376249999999992 56.35, 10.374499999999992 56.35))"
16,Cubio 16,0.5146,0.7517,0.5105,0.2026,21686.25,"POLYGON((10.376249999999992 56.35, 10.376249999999992 56.351, 10.377999999999991 56.351, 10.377999999999991 56.35, 10.376249999999992 56.35))"
17,Cubio 17,0.449,0.5512,0.2147,0.5471,21686.25,"POLYGON((10.377999999999991 56.35, 10.377999999999991 56.351, 10.37974999999999 56.351, 10.37974999999999 56.35, 10.377999999999991 56.35))"
18,Cubio 18,0.4115,0.6391,0.2517,0.2676,21686.25,"POLYGON((10.37974999999999 56.35, 10.37974999999999 56.351, 10.38149999999999 56.351, 10.38149999999999 56.35, 10.37974999999999 56.35))"
19,Cubio 19,0.2828,0.278,0.3059,0.266,21686.25,"POLYGON((10.38149999999999 56.35, 10.38149999999999 56.351, 10.38324999999999 56.351, 10.38324999999999 56.35, 10.38149999999999 56.35))"
20,Cubio 20,0.4905,0.4583,0.1841,0.8398,21686.25,"POLYGON((10.38324999999999 56.35, 10.38324999999999 56.351, 10.38499999999999 56.351, 10.38499999999999 56.35, 10.38324999999999 56.35))"
21,Cubio 21,0.7357,0.9282,0.6285,0.5862,21686.25,"POLYGON((10.38499999999999 56.35, 10.38499999999999 56.351, 10.386749999999989 56.351, 10.386749999999989 56.35, 10.38499999999999 56.35))"
22,Cubio 22,0.4946,0.772,0.3164,0.3029,21686.25,"POLYGON((10.386749999999989 56.35, 10.386749999999989 56.351, 10.388499999999988 56.351, 10.388499999999988 56.35, 10.386749999999989 56.35))"
23,Cubio 23,0.4915,0.3374,0.6334,0.5552,21686.25,"POLYGON((10.388499999999988 56.35, 10.388499999999988 56.351, 10.390249999999988 56.351, 10.390249999999988 56.35, 10.388499999999988 56.35))"
24,Cubio 24,0.5086,0.4328,0.5606,0.5576,21686.25,"POLYGON((10.390249999999988 56.35, 10.390249999999988 56.351, 10.391999999999987 56.351, 10.391999999999987 56.35, 10.390249999999988 56.35))"
25,Cubio 25,0.4266,0.4048,0.6494,0.2329,21686.25,"POLYGON((10.391999999999987 56.35, 10.391999999999987 56.351, 10.393749999999986 56.351, 10.393749999999986 56.35, 10.391999999999987 56.35))"
26,Cubio 26,0.5182,0.4218,0.8864,0.2785,21686.25,"POLYGON((10.393749999999986 56.35, 10.393749999999986 56.351, 10.395499999999986 56.351, 10.395499999999986 56.35, 10.393749999999986 56.35))"
27,Cubio 27,0.5406,0.299,0.9413,0.4621,21686.25,"POLYGON((10.395499999999986 56.35, 10.395499999999986 56.351, 10.397249999999985 56.351, 10.397249999999985 56.35, 10.395499999999986 56.35))"
28,Cubio 28,0.3329,0.4698,0.0785,0.4048,21686.25,"POLYGON((10.397249999999985 56.35, 10.397249999999985 56.351, 10.398999999999985 56.351, 10.398999999999985 56.35, 10.397249999999985 56.35))"
29,Cubio 29,0.6926,0.6224,0.8272,0.6514,21686.25,"POLYGON((10.398999999999985 56.35, 10.398999999999985 56.351, 10.400749999999984 56.351, 10.400749999999984 56.35, 10.398999999999985 56.35))"
30,Cubio 30,0.4704,0.4845,0.3534,0.5687,21686.25,"POLYGON((10.35 56.351, 10.35 56.352, 10.35175 56.352, 10.35175 56.351, 10.35 56.351))"
31,Cubio 31,0.5818,0.5496,0.9247,0.2818,21686.25,"POLYGON((10.35175 56.351, 10.35175 56.352, 10.353499999999999 56.352, 10.353499999999999 56.351, 10.35175 56.351))"
32,Cubio 32,0.4607,0.8161,0.0501,0.3974,21686.25,"POLYGON((10.353499999999999 56.351, 10.353499999999999 56.352, 10.355249999999998 56.352, 10.355249999999998 56.351, 10.353499999999999 56.351))"
33,Cubio 33,0.4648,0.7413,0.305,0.256,21686.25,"POLYGON((10.355249999999998 56.351, 10.355249999999998 56.352, 10.356999999999998 56.352, 10.356999999999998 56.351, 10.355249999999998 56.351))"
34,Cubio 34,0.452,0.4484,0.2959,0.6127,21686.25,"POLYGON((10.356999999999998 56.351, 10.356999999999998 56.352, 10.358749999999997 56.352, 10.358749999999997 56.351, 10.356999999999998 56.351))"
35,Cubio 35,0.687,0.7494,0.9187,0.3722,21686.25,"POLYGON((10.358749999999997 56.351, 10.358749999999997 56.352, 10.360499999999996 56.352, 10.360499999999996 56.351, 10.358749999999997 56.351))"
36,Cubio 36,0.4539,0.5922,0.4419,0.2815,21686.25,"POLYGON((10.360499999999996 56.351, 10.360499999999996 56.352, 10.362249999999996 56.352, 10.362249999999996 56.351, 10.360499999999996 56.351))"
37,Cubio 37,0.6578,0.5767,0.7933,0.6305,21686.25,"POLYGON((10.362249999999996 56.351, 10.362249999999996 56.352, 10.363999999999995 56.352, 10.363999999999995 56.351, 10.362249999999996 56.351))"
38,Cubio 38,0.765,0.9214,0.9073,0.4142,21686.25,"POLYGON((10.363999999999995 56.351, 10.363999999999995 56.352, 10.365749999999995 56.352, 10.365749999999995 56.351, 10.363999999999995 56.351))"
39,Cubio 39,0.3497,0.4339,0.1108,0.4764,21686.25,"POLYGON((10.365749999999995 56.351, 10.365749999999995 56.352, 10.367499999999994 56.352, 10.367499999999994 56.351, 10.365749999999995 56.351))"
40,Cubio 40,0.5726,0.5653,0.7818,0.3733,21686.25,"POLYGON((10.367499999999994 56.351, 10.367499999999994 56.352, 10.369249999999994 56.352, 10.369249999999994 56.351, 10.367499999999994 56.351))"
41,Cubio 41,0.2182,0.181,0.0341,0.4518,21686.25,"POLYGON((10.369249999999994 56.351, 10.369249999999994 56.352, 10.370999999999993 56.352, 10.370999999999993 56.351, 10.369249999999994 56.351))"
42,Cubio 42,0.7808,0.5265,0.995,0.9058,21686.25,"POLYGON((10.370999999999993 56.351, 10.370999999999993 56.352, 10.372749999999993 56.352, 10.372749999999993 56.351, 10.370999999999993 56.351))"
43,Cubio 43,0.5212,0.9455,0.244,0.2327,21686.25,"POLYGON((10.372749999999993 56.351, 10.372749999999993 56.352, 10.374499999999992 56.352, 10.374499999999992 56.351, 10.372749999999993 56.351))"
44,Cubio 44,0.5825,0.1058,0.8934,0.9072,21686.25,"POLYGON((10.374499999999992 56.351, 10.374499999999992 56.352, 10.376249999999992 56.352, 10.376249999999992 56.351, 10.374499999999992 56.351))"
45,Cubio 45,0.6505,0.7198,0.9002,0.3083,21686.25,"POLYGON((10.376249999999992 56.351, 10.376249999999992 56.352, 10.377999999999991 56.352, 10.377999999999991 56.351, 10.376249999999992 56.351))"
46,Cubio 46,0.3139,0.1697,0.7489,0.071,21686.25,"POLYGON((10.377999999999991 56.351, 10.377999999999991 56.352, 10.37974999999999 56.352, 10.37974999999999 56.351, 10.377999999999991 56.351))"
47,Cubio 47,0.3923,0.3977,0.6178,0.1597,21686.25,"POLYGON((10.37974999999999 56.351, 10.37974999999999 56.352, 10.38149999999999 56.352, 10.38149999999999 56.351, 10.37974999999999 56.351))"
48,Cubio 48,0.4932,0.9468,0.0606,0.321,21686.25,"POLYGON((10.38149999999999 56.351, 10.38149999999999 56.352, 10.38324999999999 56.352, 10.38324999999999 56.351, 10.38149999999999 56.351))"
49,Cubio 49,0.486,0.4922,0.49,0.4738,21686.25,"POLYGON((10.38324999999999 56.351, 10.38324999999999 56.352, 10.38499999999999 56.352, 10.38499999999999 56.351, 10.38324999999999 56.351))"
50,Cubio 50,0.5882,0.8007,0.4446,0.4483,21686.25,"POLYGON((10.38499999999999 56.351, 10.38499999999999 56.352, 10.386749999999989 56.352, 10.386749999999989 56.351, 10.38499999999999 56.351))"
51,Cubio 51,0.7682,0.8767,0.6285,0.7634,21686.25,"POLYGON((10.386749999999989 56.351, 10.386749999999989 56.352, 10.388499999999988 56.352, 10.388499999999988 56.351, 10.386749999999989 56.351))"
52,Cubio 52,0.7543,0.8069,0.7756,0.6627,21686.25,"POLYGON((10.388499999999988 56.351, 10.388499999999988 56.352, 10.390249999999988 56.352, 10.390249999999988 56.351, 10.388499999999988 56.351))"
53,Cubio 53,0.5503,0.6461,0.5599,0.4131,21686.25,"POLYGON((10.390249999999988 56.351, 10.390249999999988 56.352, 10.391999999999987 56.352, 10.391999999999987 56.351, 10.390249999999988 56.351))"
54,Cubio 54,0.7811,0.8987,0.98,0.4254,21686.25,"POLYGON((10.391999999999987 56.351, 10.391999999999987 56.352, 10.393749999999986 56.352, 10.393749999999986 56.351, 10.391999999999987 56.351))"
55,Cubio 55,0.8314,0.8821,0.7689,0.8263,21686.25,"POLYGON((10.393749999999986 56.351, 10.393749999999986 56.352, 10.395499999999986 56.352, 10.395499999999986 56.351, 10.393749999999986 56.351))"
56,Cubio 56,0.9125,0.9904,0.8244,0.8969,21686.25,"POLYGON((10.395499999999986 56.351, 10.395499999999986 56.352, 10.397249999999985 56.352, 10.397249999999985 56.351, 10.395499999999986 56.351))"
57,Cubio 57,0.5624,0.4204,0.6147,0.6995,21686.25,"POLYGON((10.397249999999985 56.351, 10.397249999999985 56.352, 10.398999999999985 56.352, 10.398999999999985 56.351, 10.397249999999985 56.351))"
58,Cubio 58,0.6342,0.9215,0.0831,0.8023,21686.25,"POLYGON((10.398999999999985 56.351, 10.398999999999985 56.352, 10.400749999999984 56.352, 10.400749999999984 56.351, 10.398999999999985 56.351))"
59,Cubio 59,0.5819,0.6259,0.7963,0.3089,21686.25,"POLYGON((10.35 56.352, 10.35 56.352999999999994, 10.35175 56.352999999999994, 10.35175 56.352, 10.35 56.352))"
60,Cubio 60,0.6139,0.7194,0.268,0.8191,21686.25,"POLYGON((10.35175 56.352, 10.35175 56.352999999999994, 10.353499999999999 56.352999999999994, 10.353499999999999 56.352, 10.35175 56.352))"
61,Cubio 61,0.6229,0.4024,0.7402,0.7996,21686.25,"POLYGON((10.353499999999999 56.352, 10.353499999999999 56.352999999999994, 10.355249999999998 56.352999999999994, 10.355249999999998 56.352, 10.353499999999999 56.352))"
62,Cubio 62,0.6877,0.5631,0.9588,0.5828,21686.25,"POLYGON((10.355249999999998 56.352, 10.355249999999998 56.352999999999994, 10.356999999999998 56.352999999999994, 10.356999999999998 56.352, 10.355249999999998 56.352))"
63,Cubio 63,0.4513,0.9565,0.2122,0.0168,21686.25,"POLYGON((10.356999999999998 56.352, 10.356999999999998 56.352999999999994, 10.358749999999997 56.352999999999994, 10.358749999999997 56.352, 10.356999999999998 56.352))"
64,Cubio 64,0.4063,0.7394,0.0053,0.3631,21686.25,"POLYGON((10.358749999999997 56.352, 10.358749999999997 56.352999999999994, 10.360499999999996 56.352999999999994, 10.360499999999996 56.352, 10.358749999999997 56.352))"
65,Cubio 65,0.5271,0.5131,0.7364,0.3364,21686.25,"POLYGON((10.360499999999996 56.352, 10.360499999999996 56.352999999999994, 10.362249999999996 56.352999999999994, 10.362249999999996 56.352, 10.360499999999996 56.352))"
66,Cubio 66,0.2849,0.4914,0.1201,0.1743,21686.25,"POLYGON((10.362249999999996 56.352, 10.362249999999996 56.352999999999994, 10.363999999999995 56.352999999999994, 10.363999999999995 56.352, 10.362249999999996 56.352))"
67,Cubio 67,0.6321,0.8338,0.4285,0.5667,21686.25,"POLYGON((10.363999999999995 56.352, 10.363999999999995 56.352999999999994, 10.365749999999995 56.352999999999994, 10.365749999999995 56.352, 10.363999999999995 56.352))"
68,Cubio 68,0.3559,0.2431,0.0434,0.8189,21686.25,"POLYGON((10.365749999999995 56.352, 10.365749999999995 56.352999999999994, 10.367499999999994 56.352999999999994, 10.367499999999994 56.352, 10.365749999999995 56.352))"
69,Cubio 69,0.5877,0.8257,0.7212,0.1368,21686.25,"POLYGON((10.367499999999994 56.352, 10.367499999999994 56.352999999999994, 10.369249999999994 56.352999999999994, 10.369249999999994 56.352, 10.367499999999994 56.352))"
70,Cubio 70,0.3943,0.2911,0.2974,0.6289,21686.25,"POLYGON((10.369249999999994 56.352, 10.369249999999994 56.352999999999994, 10.370999999999993 56.352999999999994, 10.370999999999993 56.352, 10.369249999999994 56.352))"
71,Cubio 71,0.6457,0.3869,0.9371,0.6995,21686.25,"POLYGON((10.370999999999993 56.352, 10.370999999999993 56.352999999999994, 10.372749999999993 56.352999999999994, 10.372749999999993 56.352, 10.370999999999993 56.352))"
72,Cubio 72,0.6118,0.6085,0.6515,0.5764,21686.25,"POLYGON((10.372749999999993 56.352, 10.372749999999993 56.352999999999994, 10.374499999999992 56.352999999999994, 10.374499999999992 56.352, 10.372749999999993 56.352))"
73,Cubio 73,0.4098,0.0253,0.8717,0.4607,21686.25,"POLYGON((10.374499999999992 56.352, 10.374499999999992 56.352999999999994, 10.376249999999992 56.352999999999994, 10.376249999999992 56.352, 10.374499999999992 56.352))"
74,Cubio 74,0.6602,0.8708,0.8785,0.1611,21686.25,"POLYGON((10.376249999999992 56.352, 10.376249999999992 56.352999999999994, 10.377999999999991 56.352999999999994, 10.377999999999991 56.352, 10.376249999999992 56.352))"
75,Cubio 75,0.3824,0.7556,0.179,0.0881,21686.25,"POLYGON((10.377999999999991 56.352, 10.377999999999991 56.352999999999994, 10.37974999999999 56.352999999999994, 10.37974999999999 56.352, 10.377999999999991 56.352))"
76,Cubio 76,0.5632,0.3208,0.9371,0.5126,21686.25,"POLYGON((10.37974999999999 56.352, 10.37974999999999 56.352999999999994, 10.38149999999999 56.352999999999994, 10.38149999999999 56.352, 10.37974999999999 56.352))"
77,Cubio 77,0.5899,0.5142,0.806,0.4746,21686.25,"POLYGON((10.38149999999999 56.352, 10.38149999999999 56.352999999999994, 10.38324999999999 56.352999999999994, 10.38324999999999 56.352, 10.38149999999999 56.352))"
78,Cubio 78,0.4775,0.9592,0.0345,0.2783,21686.25,"POLYGON((10.38324999999999 56.352, 10.38324999999999 56.352999999999994, 10.38499999999999 56.352999999999994, 10.38499999999999 56.352, 10.38324999999999 56.352))"
79,Cubio 79,0.8424,0.757,0.8557,0.943,21686.25,"POLYGON((10.38499999999999 56.352, 10.38499999999999 56.352999999999994, 10.386749999999989 56.352999999999994, 10.386749999999989 56.352, 10.38499999999999 56.352))"
80,Cubio 80,0.6667,0.5268,0.9572,0.5626,21686.25,"POLYGON((10.386749999999989 56.352, 10.386749999999989 56.352999999999994, 10.388499999999988 56.352999999999994, 10.388499999999988 56.352, 10.386749999999989 56.352))"
81,Cubio 81,0.6539,0.81,0.8032,0.2964,21686.25,"POLYGON((10.388499999999988 56.352, 10.388499999999988 56.352999999999994, 10.390249999999988 56.352999999999994, 10.390249999999988 56.352, 10.388499999999988 56.352))"
82,Cubio 82,0.7198,0.9159,0.704,0.4743,21686.25,"POLYGON((10.390249999999988 56.352, 10.390249999999988 56.352999999999994, 10.391999999999987 56.352999999999994, 10.391999999999987 56.352, 10.390249999999988 56.352))"
83,Cubio 83,0.4828,0.6421,0.4252,0.3281,21686.25,"POLYGON((10.391999999999987 56.352, 10.391999999999987 56.352999999999994, 10.393749999999986 56.352999999999994, 10.393749999999986 56.352, 10.391999999999987 56.352))"
84,Cubio 84,0.338,0.5665,0.0936,0.2778,21686.25,"POLYGON((10.393749999999986 56.352, 10.393749999999986 56.352999999999994, 10.395499999999986 56.352999999999994, 10.395499999999986 56.352, 10.393749999999986 56.352))"
85,Cubio 85,0.4082,0.272,0.5384,0.4597,21686.25,"POLYGON((10.395499999999986 56.352, 10.395499999999986 56.352999999999994, 10.397249999999985 56.352999999999994, 10.397249999999985 56.352, 10.395499999999986 56.352))"
86,Cubio 86,0.4055,0.2789,0.7857,0.1942,21686.25,"POLYGON((10.397249999999985 56.352, 10.397249999999985 56.352999999999994, 10.398999999999985 56.352999999999994, 10.398999999999985 56.352, 10.397249999999985 56.352))"
87,Cubio 87,0.3433,0.4343,0.3461,0.2191,21686.25,"POLYGON((10.398999999999985 56.352, 10.398999999999985 56.352999999999994, 10.400749999999984 56.352999999999994, 10.400749999999984 56.352, 10.398999999999985 56.352))"
88,Cubio 88,0.3821,0.6171,0.1297,0.3213,21686.25,"POLYGON((10.35 56.352999999999994, 10.35 56.35399999999999, 10.35175 56.35399999999999, 10.35175 56.352999999999994, 10.35 56.352999999999994))"
89,Cubio 89,0.2806,0.3892,0.0,0.4163,21686.25,"POLYGON((10.35175 56.352999999999994, 10.35175 56.35399999999999, 10.353499999999999 56.35399999999999, 10.353499999999999 56.352999999999994, 10.35175 56.352999999999994))"
90,Cubio 90,0.4772,0.58,0.0278,0.7894,21686.25,"POLYGON((10.353499999999999 56.352999999999994, 10.353499999999999 56.35399999999999, 10.355249999999998 56.35399999999999, 10.355249999999998 56.352999999999994, 10.353499999999999 56.352999999999994))"
91,Cubio 91,0.7911,0.8729,0.6369,0.8363,21686.25,"POLYGON((10.355249999999998 56.352999999999994, 10.355249999999998 56.35399999999999, 10.356999999999998 56.35399999999999, 10.356999999999998 56.352999999999994, 10.355249999999998 56.352999999999994))"
92,Cubio 92,0.4082,0.4486,0.0396,0.7228,21686.25,"POLYGON((10.356999999999998 56.352999999999994, 10.356999999999998 56.35399999999999, 10.358749999999997 56.35399999999999, 10.358749999999997 56.352999999999994, 10.356999999999998 56.352999999999994))"
93,Cubio 93,0.6065,0.5546,0.9432,0.3389,21686.25,"POLYGON((10.358749999999997 56.352999999999994, 10.358749999999997 56.35399999999999, 10.360499999999996 56.35399999999999, 10.360499999999996 56.352999999999994, 10.358749999999997 56.352999999999994))"
94,Cubio 94,0.5259,0.6515,0.0033,0.8812,21686.25,"POLYGON((10.360499999999996 56.352999999999994, 10.360499999999996 56.35399999999999, 10.362249999999996 56.35399999999999, 10.362249999999996 56.352999999999994, 10.360499999999996 56.352999999999994))"
95,Cubio 95,0.5775,0.8014,0.4177,0.439,21686.25,"POLYGON((10.362249999999996 56.352999999999994, 10.362249999999996 56.35399999999999, 10.363999999999995 56.35399999999999, 10.363999999999995 56.352999999999994, 10.362249999999996 56.352999999999994))"
96,Cubio 96,0.7152,0.6951,1.0,0.4571,21686.25,"POLYGON((10.363999999999995 56.352999999999994, 10.363999999999995 56.35399999999999, 10.365749999999995 56.35399999999999, 10.365749999999995 56.352999999999994, 10.363999999999995 56.352999999999994))"
97,Cubio 97,0.6417,0.7082,0.3821,0.8127,21686.25,"POLYGON((10.365749999999995 56.352999999999994, 10.365749999999995 56.35399999999999, 10.367499999999994 56.35399999999999, 10.367499999999994 56.352999999999994, 10.365749999999995 56.352999999999994))"
98,Cubio 98,0.6852,0.8396,0.2781,0.8863,21686.25,"POLYGON((10.367499999999994 56.352999999999994, 10.367499999999994 56.35399999999999, 10.369249999999994 56.35399999999999, 10.369249999999994 56.352999999999994, 10.367499999999994 56.352999999999994))"
99,Cubio 99,0.4991,0.3576,0.3781,0.8086,21686.25,"POLYGON((10.369249999999994 56.352999999999994, 10.369249999999994 56.35399999999999, 10.370999999999993 56.35399999999999, 10.370999999999993 56.352999999999994, 10.369249999999994 56.352999999999994))"
100,Cubio 100,0.5785,0.7178,0.1901,0.7812,21686.25,"POLYGON((10.370999999999993 56.352999999999994, 10.370999999999993 56.35399999999999, 10.372749999999993 56.35399999999999, 10.372749999999993 56.352999999999994, 10.370999999999993 56.352999999999994))"
101,Cubio 101,0.212,0.3395,0.1604,0.0936,21686.25,"POLYGON((10.372749999999993 56.352999999999994, 10.372749999999993 56.35399999999999, 10.374499999999992 56.35399999999999, 10.374499999999992 56.352999999999994, 10.372749999999993 56.352999999999994))"
102,Cubio 102,0.5574,0.6961,0.0355,0.8945,21686.25,"POLYGON((10.374499999999992 56.352999999999994, 10.374499999999992 56.35399999999999, 10.376249999999992 56.35399999999999, 10.376249999999992 56.352999999999994, 10.374499999999992 56.352999999999994))"
103,Cubio 103,0.4409,0.5864,0.607,0.0807,21686.25,"POLYGON((10.376249999999992 56.352999999999994, 10.376249999999992 56.35399999999999, 10.377999999999991 56.35399999999999, 10.377999999999991 56.352999999999994, 10.376249999999992 56.352999999999994))"
104,Cubio 104,0.4977,0.7096,0.3827,0.3301,21686.25,"POLYGON((10.377999999999991 56.352999999999994, 10.377999999999991 56.35399999999999, 10.37974999999999 56.35399999999999, 10.37974999999999 56.352999999999994, 10.377999999999991 56.352999999999994))"
105,Cubio 105,0.5019,0.5182,0.5034,0.4786,21686.25,"POLYGON((10.37974999999999 56.352999999999994, 10.37974999999999 56.35399999999999, 10.38149999999999 56.35399999999999, 10.38149999999999 56.352999999999994, 10.37974999999999 56.352999999999994))"
106,Cubio 106,0.2665,0.2841,0.0159,0.4938,21686.25,"POLYGON((10.38149999999999 56.352999999999994, 10.38149999999999 56.35399999999999, 10.38324999999999 56.35399999999999, 10.38324999999999 56.352999999999994, 10.38149999999999 56.352999999999994))"
107,Cubio 107,0.5359,0.6514,0.5221,0.3958,21686.25,"POLYGON((10.38324999999999 56.352999999999994, 10.38324999999999 56.35399999999999, 10.38499999999999 56.35399999999999, 10.38499999999999 56.352999999999994, 10.38324999999999 56.352999999999994))"
108,Cubio 108,0.3781,0.3003,0.5134,0.3467,21686.25,"POLYGON((10.38499999999999 56.352999999999994, 10.38499999999999 56.35399999999999, 10.386749999999989 56.35399999999999, 10.386749999999989 56.352999999999994, 10.38499999999999 56.352999999999994))"
109,Cubio 109,0.5117,0.831,0.2057,0.3921,21686.25,"POLYGON((10.386749999999989 56.352999999999994, 10.386749999999989 56.35399999999999, 10.388499999999988 56.35399999999999, 10.388499999999988 56.352999999999994, 10.386749999999989 56.352999999999994))"
110,Cubio 110,0.3151,0.0089,0.239,0.7996,21686.25,"POLYGON((10.388499999999988 56.352999999999994, 10.388499999999988 56.35399999999999, 10.390249999999988 56.35399999999999, 10.390249999999988 56.352999999999994, 10.388499999999988 56.352999999999994))"
111,Cubio 111,0.8814,0.855,0.9511,0.8471,21686.25,"POLYGON((10.390249999999988 56.352999999999994, 10.390249999999988 56.35399999999999, 10.391999999999987 56.35399999999999, 10.391999999999987 56.352999999999994, 10.390249999999988 56.352999999999994))"
112,Cubio 112,0.5846,0.6338,0.5381,0.5655,21686.25,"POLYGON((10.391999999999987 56.352999999999994, 10.391999999999987 56.35399999999999, 10.393749999999986 56.35399999999999, 10.393749999999986 56.352999999999994, 10.391999999999987 56.352999999999994))"
113,Cubio 113,0.4338,0.5927,0.3749,0.281,21686.25,"POLYGON((10.393749999999986 56.352999999999994, 10.393749999999986 56.35399999999999, 10.395499999999986 56.35399999999999, 10.395499999999986 56.352999999999994, 10.393749999999986 56.352999999999994))"
114,Cubio 114,0.4989,0.7129,0.4488,0.2637,21686.25,"POLYGON((10.395499999999986 56.352999999999994, 10.395499999999986 56.35399999999999, 10.397249999999985 56.35399999999999, 10.397249999999985 56.352999999999994, 10.395499999999986 56.352999999999994))"
115,Cubio 115,0.5771,0.7001,0.622,0.3681,21686.25,"POLYGON((10.397249999999985 56.352999999999994, 10.397249999999985 56.35399999999999, 10.398999999999985 56.35399999999999, 10.398999999999985 56.352999999999994, 10.397249999999985 56.352999999999994))"
116,Cubio 116,0.5745,0.6152,0.4904,0.6043,21686.25,"POLYGON((10.398999999999985 56.352999999999994, 10.398999999999985 56.35399999999999, 10.400749999999984 56.35399999999999, 10.400749999999984 56.352999999999994, 10.398999999999985 56.352999999999994))"
117,Cubio 117,0.6183,0.9076,0.5678,0.283,21686.25,"POLYGON((10.35 56.35399999999999, 10.35 56.35499999999999, 10.35175 56.35499999999999, 10.35175 56.35399999999999, 10.35 56.35399999999999))"
118,Cubio 118,0.5004,0.9846,0.1264,0.2287,21686.25,"POLYGON((10.35175 56.35399999999999, 10.35175 56.35499999999999, 10.353499999999999 56.35499999999999, 10.353499999999999 56.35399999999999, 10.35175 56.35399999999999))"
119,Cubio 119,0.4148,0.2938,0.6324,0.3587,21686.25,"POLYGON((10.353499999999999 56.35399999999999, 10.353499999999999 56.35499999999999, 10.355249999999998 56.35499999999999, 10.355249999999998 56.35399999999999, 10.353499999999999 56.35399999999999))"
120,Cubio 120,0.3223,0.5055,0.289,0.1114,21686.25,"POLYGON((10.355249999999998 56.35399999999999, 10.355249999999998 56.35499999999999, 10.356999999999998 56.35499999999999, 10.356999999999998 56.35399999999999, 10.355249999999998 56.35399999999999))"
121,Cubio 121,0.6042,0.6999,0.4515,0.6293,21686.25,"POLYGON((10.356999999999998 56.35399999999999, 10.356999999999998 56.35499999999999, 10.358749999999997 56.35499999999999, 10.358749999999997 56.35399999999999, 10.356999999999998 56.35399999999999))"
122,Cubio 122,0.6587,0.6693,0.4528,0.8503,21686.25,"POLYGON((10.358749999999997 56.35399999999999, 10.358749999999997 56.35499999999999, 10.360499999999996 56.35499999999999, 10.360499999999996 56.35399999999999, 10.358749999999997 56.35399999999999))"
123,Cubio 123,0.5939,0.9216,0.3072,0.4435,21686.25,"POLYGON((10.360499999999996 56.35399999999999, 10.360499999999996 56.35499999999999, 10.362249999999996 56.35499999999999, 10.362249999999996 56.35399999999999, 10.360499999999996 56.35399999999999))"
124,Cubio 124,0.4458,0.3466,0.7983,0.2256,21686.25,"POLYGON((10.362249999999996 56.35399999999999, 10.362249999999996 56.35499999999999, 10.363999999999995 56.35499999999999, 10.363999999999995 56.35399999999999, 10.362249999999996 56.35399999999999))"
125,Cubio 125,0.5546,0.2731,0.6737,0.8109,21686.25,"POLYGON((10.363999999999995 56.35399999999999, 10.363999999999995 56.35499999999999, 10.365749999999995 56.35499999999999, 10.365749999999995 56.35399999999999, 10.363999999999995 56.35399999999999))"
126,Cubio 126,0.7056,0.8345,0.927,0.3124,21686.25,"POLYGON((10.365749999999995 56.35399999999999, 10.365749999999995 56.35499999999999, 10.367499999999994 56.35499999999999, 10.367499999999994 56.35399999999999, 10.365749999999995 56.35399999999999))"
127,Cubio 127,0.4942,0.8766,0.047,0.4315,21686.25,"POLYGON((10.367499999999994 56.35399999999999, 10.367499999999994 56.35499999999999, 10.369249999999994 56.35499999999999, 10.369249999999994 56.35399999999999, 10.367499999999994 56.35399999999999))"
128,Cubio 128,0.5788,0.388,0.8806,0.5316,21686.25,"POLYGON((10.369249999999994 56.35399999999999, 10.369249999999994 56.35499999999999, 10.370999999999993 56.35499999999999, 10.370999999999993 56.35399999999999, 10.369249999999994 56.35399999999999))"
129,Cubio 129,0.6205,0.9018,0.6418,0.2241,21686.25,"POLYGON((10.370999999999993 56.35399999999999, 10.370999999999993 56.35499999999999, 10.372749999999993 56.35499999999999, 10.372749999999993 56.35399999999999, 10.370999999999993 56.35399999999999))"
130,Cubio 130,0.3813,0.5569,0.1568,0.3719,21686.25,"POLYGON((10.372749999999993 56.35399999999999, 10.372749999999993 56.35499999999999, 10.374499999999992 56.35499999999999, 10.374499999999992 56.35399999999999, 10.372749999999993 56.35399999999999))"
131,Cubio 131,0.7028,0.7921,0.4491,0.8376,21686.25,"POLYGON((10.374499999999992 56.35399999999999, 10.374499999999992 56.35499999999999, 10.376249999999992 56.35499999999999, 10.376249999999992 56.35399999999999, 10.374499999999992 56.35399999999999))"
132,Cubio 132,0.3553,0.6291,0.111,0.2346,21686.25,"POLYGON((10.376249999999992 56.35399999999999, 10.376249999999992 56.35499999999999, 10.377999999999991 56.35499999999999, 10.377999999999991 56.35399999999999, 10.376249999999992 56.35399999999999))"
133,Cubio 133,0.8376,0.9639,0.7784,0.7285,21686.25,"POLYGON((10.377999999999991 56.35399999999999, 10.377999999999991 56.35499999999999, 10.37974999999999 56.35499999999999, 10.37974999999999 56.35399999999999, 10.377999999999991 56.35399999999999))"
134,Cubio 134,0.688,0.8642,0.4151,0.7261,21686.25,"POLYGON((10.37974999999999 56.35399999999999, 10.37974999999999 56.35499999999999, 10.38149999999999 56.35499999999999, 10.38149999999999 56.35399999999999, 10.37974999999999 56.35399999999999))"
135,Cubio 135,0.4574,0.9448,0.1419,0.1231,21686.25,"POLYGON((10.38149999999999 56.35399999999999, 10.38149999999999 56.35499999999999, 10.38324999999999 56.35499999999999, 10.38324999999999 56.35399999999999, 10.38149999999999 56.35399999999999))"
136,Cubio 136,0.7213,0.8771,0.4852,0.7496,21686.25,"POLYGON((10.38324999999999 56.35399999999999, 10.38324999999999 56.35499999999999, 10.38499999999999 56.35499999999999, 10.38499999999999 56.35399999999999, 10.38324999999999 56.35399999999999))"
137,Cubio 137,0.5746,0.5313,0.8434,0.3636,21686.25,"POLYGON((10.38499999999999 56.35399999999999, 10.38499999999999 56.35499999999999, 10.386749999999989 56.35499999999999, 10.386749999999989 56.35399999999999, 10.38499999999999 56.35399999999999))"
138,Cubio 138,0.5334,0.8476,0.008,0.64,21686.25,"POLYGON((10.386749999999989 56.35399999999999, 10.386749999999989 56.35499999999999, 10.388499999999988 56.35499999999999, 10.388499999999988 56.35399999999999, 10.386749999999989 56.35399999999999))"
139,Cubio 139,0.5636,0.7637,0.1776,0.6829,21686.25,"POLYGON((10.388499999999988 56.35399999999999, 10.388499999999988 56.35499999999999, 10.390249999999988 56.35499999999999, 10.390249999999988 56.35399999999999, 10.388499999999988 56.35399999999999))"
140,Cubio 140,0.6894,0.7805,0.8056,0.4518,21686.25,"POLYGON((10.390249999999988 56.35399999999999, 10.390249999999988 56.35499999999999, 10.391999999999987 56.35499999999999, 10.391999999999987 56.35399999999999, 10.390249999999988 56.35399999999999))"
141,Cubio 141,0.7291,0.8482,0.6509,0.6485,21686.25,"POLYGON((10.391999999999987 56.35399999999999, 10.391999999999987 56.35499999999999, 10.393749999999986 56.35499999999999, 10.393749999999986 56.35399999999999, 10.391999999999987 56.35399999999999))"
142,Cubio 142,0.588,0.7672,0.4574,0.4799,21686.25,"POLYGON((10.393749999999986 56.35399999999999, 10.393749999999986 56.35499999999999, 10.395499999999986 56.35499999999999, 10.395499999999986 56.35399999999999, 10.393749999999986 56.35399999999999))"
143,Cubio 143,0.6248,0.7093,0.9451,0.1916,21686.25,"POLYGON((10.395499999999986 56.35399999999999, 10.395499999999986 56.35499999999999, 10.397249999999985 56.35499999999999, 10.397249999999985 56.35399999999999, 10.395499999999986 56.35399999999999))"
144,Cubio 144,0.4314,0.1757,0.9775,0.2264,21686.25,"POLYGON((10.397249999999985 56.35399999999999, 10.397249999999985 56.35499999999999, 10.398999999999985 56.35499999999999, 10.398999999999985 56.35399999999999, 10.397249999999985 56.35399999999999))"
145,Cubio 145,0.316,0.6011,0.0864,0.1654,21686.25,"POLYGON((10.398999999999985 56.35399999999999, 10.398999999999985 56.35499999999999, 10.400749999999984 56.35499999999999, 10.400749999999984 56.35399999999999, 10.398999999999985 56.35399999999999))"
146,Cubio 146,0.4576,0.6978,0.2885,0.3066,21686.25,"POLYGON((10.35 56.35499999999999, 10.35 56.35599999999999, 10.35175 56.35599999999999, 10.35175 56.35499999999999, 10.35 56.35499999999999))"
147,Cubio 147,0.8256,0.8044,0.94,0.7394,21686.25,"POLYGON((10.35175 56.35499999999999, 10.35175 56.35599999999999, 10.353499999999999 56.35599999999999, 10.353499999999999 56.35499999999999, 10.35175 56.35499999999999))"
148,Cubio 148,0.6546,0.4415,0.9715,0.6218,21686.25,"POLYGON((10.353499999999999 56.35499999999999, 10.353499999999999 56.35599999999999, 10.355249999999998 56.35599999999999, 10.355249999999998 56.35499999999999, 10.353499999999999 56.35499999999999))"
149,Cubio 149,0.5538,0.6275,0.2121,0.797,21686.25,"POLYGON((10.355249999999998 56.35499999999999, 10.355249999999998 56.35599999999999, 10.356999999999998 56.35599999999999, 10.356999999999998 56.35499999999999, 10.355249999999998 56.35499999999999))"
150,Cubio 150,0.7414,0.946,0.7712,0.439,21686.25,"POLYGON((10.356999999999998 56.35499999999999, 10.356999999999998 56.35599999999999, 10.358749999999997 56.35599999999999, 10.358749999999997 56.35499999999999, 10.356999999999998 56.35499999999999))"
151,Cubio 151,0.6411,0.8636,0.5786,0.407,21686.25,"POLYGON((10.358749999999997 56.35499999999999, 10.358749999999997 56.35599999999999, 10.360499999999996 56.35599999999999, 10.360499999999996 56.35499999999999, 10.358749999999997 56.35499999999999))"
152,Cubio 152,0.6046,0.7573,0.1551,0.8506,21686.25,"POLYGON((10.360499999999996 56.35499999999999, 10.360499999999996 56.35599999999999, 10.362249999999996 56.35599999999999, 10.362249999999996 56.35499999999999, 10.360499999999996 56.35499999999999))"
153,Cubio 153,0.6675,0.8993,0.6556,0.3702,21686.25,"POLYGON((10.362249999999996 56.35499999999999, 10.362249999999996 56.35599999999999, 10.363999999999995 56.35599999999999, 10.363999999999995 56.35499999999999, 10.362249999999996 56.35499999999999))"
154,Cubio 154,0.4695,0.7054,0.1687,0.4558,21686.25,"POLYGON((10.363999999999995 56.35499999999999, 10.363999999999995 56.35599999999999, 10.365749999999995 56.35599999999999, 10.365749999999995 56.35499999999999, 10.363999999999995 56.35499999999999))"
155,Cubio 155,0.6862,0.8564,0.6203,0.5251,21686.25,"POLYGON((10.365749999999995 56.35499999999999, 10.365749999999995 56.35599999999999, 10.367499999999994 56.35599999999999, 10.367499999999994 56.35499999999999, 10.365749999999995 56.35499999999999))"
156,Cubio 156,0.5069,0.9482,0.2441,0.1812,21686.25,"POLYGON((10.367499999999994 56.35499999999999, 10.367499999999994 56.35599999999999, 10.369249999999994 56.35599999999999, 10.369249999999994 56.35499999999999, 10.367499999999994 56.35499999999999))"
157,Cubio 157,0.2324,0.2451,0.1401,0.3076,21686.25,"POLYGON((10.369249999999994 56.35499999999999, 10.369249999999994 56.35599999999999, 10.370999999999993 56.35599999999999, 10.370999999999993 56.35499999999999, 10.369249999999994 56.35499999999999))"
158,Cubio 158,0.4202,0.4404,0.2136,0.5998,21686.25,"POLYGON((10.370999999999993 56.35499999999999, 10.370999999999993 56.35599999999999, 10.372749999999993 56.35599999999999, 10.372749999999993 56.35499999999999, 10.370999999999993 56.35499999999999))"
159,Cubio 159,0.5798,0.9044,0.4708,0.256,21686.25,"POLYGON((10.372749999999993 56.35499999999999, 10.372749999999993 56.35599999999999, 10.374499999999992 56.35599999999999, 10.374499999999992 56.35499999999999, 10.372749999999993 56.35499999999999))"
160,Cubio 160,0.5551,0.3279,0.9528,0.4603,21686.25,"POLYGON((10.374499999999992 56.35499999999999, 10.374499999999992 56.35599999999999, 10.376249999999992 56.35599999999999, 10.376249999999992 56.35499999999999, 10.374499999999992 56.35499999999999))"
161,Cubio 161,0.4817,0.8076,0.2639,0.2649,21686.25,"POLYGON((10.376249999999992 56.35499999999999, 10.376249999999992 56.35599999999999, 10.377999999999991 56.35599999999999, 10.377999999999991 56.35499999999999, 10.376249999999992 56.35499999999999))"
162,Cubio 162,0.7014,0.9334,0.6072,0.4861,21686.25,"POLYGON((10.377999999999991 56.35499999999999, 10.377999999999991 56.35599999999999, 10.37974999999999 56.35599999999999, 10.37974999999999 56.35499999999999, 10.377999999999991 56.35499999999999))"
163,Cubio 163,0.5882,0.4926,0.8998,0.4041,21686.25,"POLYGON((10.37974999999999 56.35499999999999, 10.37974999999999 56.35599999999999, 10.38149999999999 56.35599999999999, 10.38149999999999 56.35499999999999, 10.37974999999999 56.35499999999999))"
164,Cubio 164,0.776,1.0,0.7165,0.5368,21686.25,"POLYGON((10.38149999999999 56.35499999999999, 10.38149999999999 56.35599999999999, 10.38324999999999 56.35599999999999, 10.38324999999999 56.35499999999999, 10.38149999999999 56.35499999999999))"
165,Cubio 165,0.4504,0.6166,0.2221,0.4571,21686.25,"POLYGON((10.38324999999999 56.35499999999999, 10.38324999999999 56.35599999999999, 10.38499999999999 56.35599999999999, 10.38499999999999 56.35499999999999, 10.38324999999999 56.35499999999999))"
166,Cubio 166,0.6673,0.7556,0.2943,0.9226,21686.25,"POLYGON((10.38499999999999 56.35499999999999, 10.38499999999999 56.35599999999999, 10.386749999999989 56.35599999999999, 10.386749999999989 56.35499999999999, 10.38499999999999 56.35499999999999))"
167,Cubio 167,0.6669,0.6004,0.8908,0.5316,21686.25,"POLYGON((10.386749999999989 56.35499999999999, 10.386749999999989 56.35599999999999, 10.388499999999988 56.35599999999999, 10.388499999999988 56.35499999999999, 10.386749999999989 56.35499999999999))"
168,Cubio 168,0.559,0.749,0.4972,0.3677,21686.25,"POLYGON((10.388499999999988 56.35499999999999, 10.388499999999988 56.35599999999999, 10.390249999999988 56.35599999999999, 10.390249999999988 56.35499999999999, 10.388499999999988 56.35499999999999))"
169,Cubio 169,0.5297,0.9189,0.1812,0.3593,21686.25,"POLYGON((10.390249999999988 56.35499999999999, 10.390249999999988 56.35599999999999, 10.391999999999987 56.35599999999999, 10.391999999999987 56.35499999999999, 10.390249999999988 56.35499999999999))"
170,Cubio 170,0.5136,0.5514,0.2772,0.6994,21686.25,"POLYGON((10.391999999999987 56.35499999999999, 10.391999999999987 56.35599999999999, 10.393749999999986 56.35599999999999, 10.393749999999986 56.35499999999999, 10.391999999999987 56.35499999999999))"
171,Cubio 171,0.5174,0.3301,0.8876,0.3968,21686.25,"POLYGON((10.393749999999986 56.35499999999999, 10.393749999999986 56.35599999999999, 10.395499999999986 56.35599999999999, 10.395499999999986 56.35499999999999, 10.393749999999986 56.35499999999999))"
172,Cubio 172,0.459,0.4537,0.1898,0.7352,21686.25,"POLYGON((10.395499999999986 56.35499999999999, 10.395499999999986 56.35599999999999, 10.397249999999985 56.35599999999999, 10.397249999999985 56.35499999999999, 10.395499999999986 56.35499999999999))"
173,Cubio 173,0.7391,0.9146,0.531,0.7133,21686.25,"POLYGON((10.397249999999985 56.35499999999999, 10.397249999999985 56.35599999999999, 10.398999999999985 56.35599999999999, 10.398999999999985 56.35499999999999, 10.397249999999985 56.35499999999999))"
174,Cubio 174,0.845,0.9236,0.6313,0.9539,21686.25,"POLYGON((10.398999999999985 56.35499999999999, 10.398999999999985 56.35599999999999, 10.400749999999984 56.35599999999999, 10.400749999999984 56.35499999999999, 10.398999999999985 56.35499999999999))"
175,Cubio 175,0.5892,0.9051,0.5428,0.2143,21686.25,"POLYGON((10.35 56.35599999999999, 10.35 56.356999999999985, 10.35175 56.356999999999985, 10.35175 56.35599999999999, 10.35 56.35599999999999))"
176,Cubio 176,0.4851,0.1706,0.8239,0.5655,21686.25,"POLYGON((10.35175 56.35599999999999, 10.35175 56.356999999999985, 10.353499999999999 56.356999999999985, 10.353499999999999 56.35599999999999, 10.35175 56.35599999999999))"
177,Cubio 177,0.6361,0.713,0.3525,0.8172,21686.25,"POLYGON((10.353499999999999 56.35599999999999, 10.353499999999999 56.356999999999985, 10.355249999999998 56.356999999999985, 10.355249999999998 56.35599999999999, 10.353499999999999 56.35599999999999))"
178,Cubio 178,0.6388,0.2935,0.878,0.8602,21686.25,"POLYGON((10.355249999999998 56.35599999999999, 10.355249999999998 56.356999999999985, 10.356999999999998 56.356999999999985, 10.356999999999998 56.35599999999999, 10.355249999999998 56.35599999999999))"
179,Cubio 179,0.6717,0.7783,0.7969,0.4045,21686.25,"POLYGON((10.356999999999998 56.35599999999999, 10.356999999999998 56.356999999999985, 10.358749999999997 56.356999999999985, 10.358749999999997 56.35599999999999, 10.356999999999998 56.35599999999999))"
180,Cubio 180,0.7132,0.5552,0.8614,0.7759,21686.25,"POLYGON((10.358749999999997 56.35599999999999, 10.358749999999997 56.356999999999985, 10.360499999999996 56.356999999999985, 10.360499999999996 56.35599999999999, 10.358749999999997 56.35599999999999))"
181,Cubio 181,0.6841,0.8749,0.8562,0.2574,21686.25,"POLYGON((10.360499999999996 56.35599999999999, 10.360499999999996 56.356999999999985, 10.362249999999996 56.356999999999985, 10.362249999999996 56.35599999999999, 10.360499999999996 56.35599999999999))"
182,Cubio 182,0.5707,0.9251,0.4844,0.1843,21686.25,"POLYGON((10.362249999999996 56.35599999999999, 10.362249999999996 56.356999999999985, 10.363999999999995 56.356999999999985, 10.363999999999995 56.35599999999999, 10.362249999999996 56.35599999999999))"
183,Cubio 183,0.5571,0.4806,0.6259,0.5901,21686.25,"POLYGON((10.363999999999995 56.35599999999999, 10.363999999999995 56.356999999999985, 10.365749999999995 56.356999999999985, 10.365749999999995 56.35599999999999, 10.363999999999995 56.35599999999999))"
184,Cubio 184,0.3732,0.4154,0.0316,0.6586,21686.25,"POLYGON((10.365749999999995 56.35599999999999, 10.365749999999995 56.356999999999985, 10.367499999999994 56.356999999999985, 10.367499999999994 56.35599999999999, 10.365749999999995 56.35599999999999))"
185,Cubio 185,0.3505,0.32,0.1518,0.5899,21686.25,"POLYGON((10.367499999999994 56.35599999999999, 10.367499999999994 56.356999999999985, 10.369249999999994 56.356999999999985, 10.369249999999994 56.35599999999999, 10.367499999999994 56.35599999999999))"
186,Cubio 186,0.2548,0.1492,0.1234,0.5268,21686.25,"POLYGON((10.369249999999994 56.35599999999999, 10.369249999999994 56.356999999999985, 10.370999999999993 56.356999999999985, 10.370999999999993 56.35599999999999, 10.369249999999994 56.35599999999999))"
187,Cubio 187,0.4828,0.4929,0.2028,0.7495,21686.25,"POLYGON((10.370999999999993 56.35599999999999, 10.370999999999993 56.356999999999985, 10.372749999999993 56.356999999999985, 10.372749999999993 56.35599999999999, 10.370999999999993 56.35599999999999))"
188,Cubio 188,0.5425,0.8921,0.2354,0.3835,21686.25,"POLYGON((10.372749999999993 56.35599999999999, 10.372749999999993 56.356999999999985, 10.374499999999992 56.356999999999985, 10.374499999999992 56.35599999999999, 10.372749999999993 56.35599999999999))"
189,Cubio 189,0.6002,0.5699,0.7266,0.5142,21686.25,"POLYGON((10.374499999999992 56.35599999999999, 10.374499999999992 56.356999999999985, 10.376249999999992 56.356999999999985, 10.376249999999992 56.35599999999999, 10.374499999999992 56.35599999999999))"
190,Cubio 190,0.427,0.8314,0.1971,0.1176,21686.25,"POLYGON((10.376249999999992 56.35599999999999, 10.376249999999992 56.356999999999985, 10.377999999999991 56.356999999999985, 10.377999999999991 56.35599999999999, 10.376249999999992 56.35599999999999))"
191,Cubio 191,0.7357,0.9125,0.9834,0.2523,21686.25,"POLYGON((10.377999999999991 56.35599999999999, 10.377999999999991 56.356999999999985, 10.37974999999999 56.356999999999985, 10.37974999999999 56.35599999999999, 10.377999999999991 56.35599999999999))"
192,Cubio 192,0.6656,0.7993,0.7873,0.3656,21686.25,"POLYGON((10.37974999999999 56.35599999999999, 10.37974999999999 56.356999999999985, 10.38149999999999 56.356999999999985, 10.38149999999999 56.35599999999999, 10.37974999999999 56.35599999999999))"
193,Cubio 193,0.493,0.3595,0.62,0.5441,21686.25,"POLYGON((10.38149999999999 56.35599999999999, 10.38149999999999 56.356999999999985, 10.38324999999999 56.356999999999985, 10.38324999999999 56.35599999999999, 10.38149999999999 56.35599999999999))"
194,Cubio 194,0.6094,0.5944,0.8416,0.3973,21686.25,"POLYGON((10.38324999999999 56.35599999999999, 10.38324999999999 56.356999999999985, 10.38499999999999 56.356999999999985, 10.38499999999999 56.35599999999999, 10.38324999999999 56.35599999999999))"
195,Cubio 195,0.8935,0.9094,0.887,0.8787,21686.25,"POLYGON((10.38499999999999 56.35599999999999, 10.38499999999999 56.356999999999985, 10.386749999999989 56.356999999999985, 10.386749999999989 56.35599999999999, 10.38499999999999 56.35599999999999))"
196,Cubio 196,0.5207,0.899,0.1844,0.3525,21686.25,"POLYGON((10.386749999999989 56.35599999999999, 10.386749999999989 56.356999999999985, 10.388499999999988 56.356999999999985, 10.388499999999988 56.35599999999999, 10.386749999999989 56.35599999999999))"
197,Cubio 197,0.6869,0.8636,0.5472,0.5908,21686.25,"POLYGON((10.388499999999988 56.35599999999999, 10.388499999999988 56.356999999999985, 10.390249999999988 56.356999999999985, 10.390249999999988 56.35599999999999, 10.388499999999988 56.35599999999999))"
198,Cubio 198,0.65,0.7116,0.716,0.5021,21686.25,"POLYGON((10.390249999999988 56.35599999999999, 10.390249999999988 56.356999999999985, 10.391999999999987 56.356999999999985, 10.391999999999987 56.35599999999999, 10.390249999999988 56.35599999999999))"
199,Cubio 199,0.597,0.3408,0.7839,0.7519,21686.25,"POLYGON((10.391999999999987 56.35599999999999, 10.391999999999987 56.356999999999985, 10.393749999999986 56.356999999999985, 10.393749999999986 56.35599999999999, 10.391999999999987 56.35599999999999))"
200,Cubio 200,0.5788,0.8368,0.2359,0.5778,21686.25,"POLYGON((10.393749999999986 56.35599999999999, 10.393749999999986 56.356999999999985, 10.395499999999986 56.356999999999985, 10.395499999999986 56.35599999999999, 10.393749999999986 56.35599999999999))"
201,Cubio 201,0.6073,0.6576,0.6288,0.5185,21686.25,"POLYGON((10.395499999999986 56.35599999999999, 10.395499999999986 56.356999999999985, 10.397249999999985 56.356999999999985, 10.397249999999985 56.35599999999999, 10.395499999999986 56.35599999999999))"
202,Cubio 202,0.6857,0.7362,0.3938,0.9101,21686.25,"POLYGON((10.397249999999985 56.35599999999999, 10.397249999999985 56.356999999999985, 10.398999999999985 56.356999999999985, 10.398999999999985 56.35599999999999, 10.397249999999985 56.35599999999999))"
203,Cubio 203,0.6112,0.7996,0.6489,0.3225,21686.25,"POLYGON((10.398999999999985 56.35599999999999, 10.398999999999985 56.356999999999985, 10.400749999999984 56.356999999999985, 10.400749999999984 56.35599999999999, 10.398999999999985 56.35599999999999))"
204,Cubio 204,0.6729,0.9008,0.558,0.4838,21686.25,"POLYGON((10.35 56.356999999999985, 10.35 56.35799999999998, 10.35175 56.35799999999998, 10.35175 56.356999999999985, 10.35 56.356999999999985))"
205,Cubio 205,0.5947,0.5985,0.7641,0.4203,21686.25,"POLYGON((10.35175 56.356999999999985, 10.35175 56.35799999999998, 10.353499999999999 56.35799999999998, 10.353499999999999 56.356999999999985, 10.35175 56.356999999999985))"
206,Cubio 206,0.3014,0.1978,0.5426,0.1983,21686.25,"POLYGON((10.353499999999999 56.356999999999985, 10.353499999999999 56.35799999999998, 10.355249999999998 56.35799999999998, 10.355249999999998 56.356999999999985, 10.353499999999999 56.356999999999985))"
207,Cubio 207,0.8228,0.7026,0.9238,0.8819,21686.25,"POLYGON((10.355249999999998 56.356999999999985, 10.355249999999998 56.35799999999998, 10.356999999999998 56.35799999999998, 10.356999999999998 56.356999999999985, 10.355249999999998 56.356999999999985))"
208,Cubio 208,0.7383,0.6414,0.7785,0.8272,21686.25,"POLYGON((10.356999999999998 56.356999999999985, 10.356999999999998 56.35799999999998, 10.358749999999997 56.35799999999998, 10.358749999999997 56.356999999999985, 10.356999999999998 56.356999999999985))"
209,Cubio 209,0.4464,0.5347,0.0341,0.7411,21686.25,"POLYGON((10.358749999999997 56.356999999999985, 10.358749999999997 56.35799999999998, 10.360499999999996 56.35799999999998, 10.360499999999996 56.356999999999985, 10.358749999999997 56.356999999999985))"
210,Cubio 210,0.6403,0.7337,0.5483,0.6079,21686.25,"POLYGON((10.360499999999996 56.356999999999985, 10.360499999999996 56.35799999999998, 10.362249999999996 56.35799999999998, 10.362249999999996 56.356999999999985, 10.360499999999996 56.356999999999985))"
211,Cubio 211,0.5251,0.8942,0.0626,0.4956,21686.25,"POLYGON((10.362249999999996 56.356999999999985, 10.362249999999996 56.35799999999998, 10.363999999999995 56.35799999999998, 10.363999999999995 56.356999999999985, 10.362249999999996 56.356999999999985))"
212,Cubio 212,0.8132,0.9841,0.5848,0.8137,21686.25,"POLYGON((10.363999999999995 56.356999999999985, 10.363999999999995 56.35799999999998, 10.365749999999995 56.35799999999998, 10.365749999999995 56.356999999999985, 10.363999999999995 56.356999999999985))"
213,Cubio 213,0.3936,0.528,0.3158,0.2921,21686.25,"POLYGON((10.365749999999995 56.356999999999985, 10.365749999999995 56.35799999999998, 10.367499999999994 56.35799999999998, 10.367499999999994 56.356999999999985, 10.365749999999995 56.356999999999985))"
214,Cubio 214,0.3826,0.0287,0.6865,0.5505,21686.25,"POLYGON((10.367499999999994 56.356999999999985, 10.367499999999994 56.35799999999998, 10.369249999999994 56.35799999999998, 10.369249999999994 56.356999999999985, 10.367499999999994 56.356999999999985))"
215,Cubio 215,0.5068,0.7767,0.4973,0.1564,21686.25,"POLYGON((10.369249999999994 56.356999999999985, 10.369249999999994 56.35799999999998, 10.370999999999993 56.35799999999998, 10.370999999999993 56.356999999999985, 10.369249999999994 56.356999999999985))"
216,Cubio 216,0.6822,0.8636,0.1923,0.9302,21686.25,"POLYGON((10.370999999999993 56.356999999999985, 10.370999999999993 56.35799999999998, 10.372749999999993 56.35799999999998, 10.372749999999993 56.356999999999985, 10.370999999999993 56.356999999999985))"
217,Cubio 217,0.6022,0.3413,0.9148,0.6376,21686.25,"POLYGON((10.372749999999993 56.356999999999985, 10.372749999999993 56.35799999999998, 10.374499999999992 56.35799999999998, 10.374499999999992 56.356999999999985, 10.372749999999993 56.356999999999985))"
218,Cubio 218,0.4984,0.6957,0.0115,0.7222,21686.25,"POLYGON((10.374499999999992 56.356999999999985, 10.374499999999992 56.35799999999998, 10.376249999999992 56.35799999999998, 10.376249999999992 56.356999999999985, 10.374499999999992 56.356999999999985))"
219,Cubio 219,0.6347,0.9512,0.4104,0.4372,21686.25,"POLYGON((10.376249999999992 56.356999999999985, 10.376249999999992 56.35799999999998, 10.377999999999991 56.35799999999998, 10.377999999999991 56.356999999999985, 10.376249999999992 56.356999999999985))"
220,Cubio 220,0.4067,0.4897,0.4799,0.223,21686.25,"POLYGON((10.377999999999991 56.356999999999985, 10.377999999999991 56.35799999999998, 10.37974999999999 56.35799999999998, 10.37974999999999 56.356999999999985, 10.377999999999991 56.356999999999985))"
221,Cubio 221,0.536,0.7689,0.5261,0.2352,21686.25,"POLYGON((10.37974999999999 56.356999999999985, 10.37974999999999 56.35799999999998, 10.38149999999999 56.35799999999998, 10.38149999999999 56.356999999999985, 10.37974999999999 56.356999999999985))"
222,Cubio 222,0.5469,0.7896,0.3966,0.3736,21686.25,"POLYGON((10.38149999999999 56.356999999999985, 10.38149999999999 56.35799999999998, 10.38324999999999 56.35799999999998, 10.38324999999999 56.356999999999985, 10.38149999999999 56.356999999999985))"
223,Cubio 223,0.5809,0.8591,0.4313,0.3595,21686.25,"POLYGON((10.38324999999999 56.356999999999985, 10.38324999999999 56.35799999999998, 10.38499999999999 56.35799999999998, 10.38499999999999 56.356999999999985, 10.38324999999999 56.356999999999985))"
224,Cubio 224,0.5279,0.7182,0.1649,0.6371,21686.25,"POLYGON((10.38499999999999 56.356999999999985, 10.38499999999999 56.35799999999998, 10.386749999999989 56.35799999999998, 10.386749999999989 56.356999999999985, 10.38499999999999 56.356999999999985))"
225,Cubio 225,0.4182,0.7828,0.0814,0.2688,21686.25,"POLYGON((10.386749999999989 56.356999999999985, 10.386749999999989 56.35799999999998, 10.388499999999988 56.35799999999998, 10.388499999999988 56.356999999999985, 10.386749999999989 56.356999999999985))"
226,Cubio 226,0.6652,0.5597,0.6227,0.8484,21686.25,"POLYGON((10.388499999999988 56.356999999999985, 10.388499999999988 56.35799999999998, 10.390249999999988 56.35799999999998, 10.390249999999988 56.356999999999985, 10.388499999999988 56.356999999999985))"
227,Cubio 227,0.7217,0.8356,0.5158,0.7759,21686.25,"POLYGON((10.390249999999988 56.356999999999985, 10.390249999999988 56.35799999999998, 10.391999999999987 56.35799999999998, 10.391999999999987 56.356999999999985, 10.390249999999988 56.356999999999985))"
228,Cubio 228,0.5379,0.7085,0.2142,0.6341,21686.25,"POLYGON((10.391999999999987 56.356999999999985, 10.391999999999987 56.35799999999998, 10.393749999999986 56.35799999999998, 10.393749999999986 56.356999999999985, 10.391999999999987 56.356999999999985))"
229,Cubio 229,0.7125,0.6572,0.5703,0.9285,21686.25,"POLYGON((10.393749999999986 56.356999999999985, 10.393749999999986 56.35799999999998, 10.395499999999986 56.35799999999998, 10.395499999999986 56.356999999999985, 10.393749999999986 56.356999999999985))"
230,Cubio 230,0.1267,0.0089,0.1415,0.2689,21686.25,"POLYGON((10.395499999999986 56.356999999999985, 10.395499999999986 56.35799999999998, 10.397249999999985 56.35799999999998, 10.397249999999985 56.356999999999985, 10.395499999999986 56.356999999999985))"
231,Cubio 231,0.6048,0.8261,0.4566,0.4579,21686.25,"POLYGON((10.397249999999985 56.356999999999985, 10.397249999999985 56.35799999999998, 10.398999999999985 56.35799999999998, 10.398999999999985 56.356999999999985, 10.397249999999985 56.356999999999985))"
232,Cubio 232,0.6275,0.8482,0.4127,0.5481,21686.25,"POLYGON((10.398999999999985 56.356999999999985, 10.398999999999985 56.35799999999998, 10.400749999999984 56.35799999999998, 10.400749999999984 56.356999999999985, 10.398999999999985 56.356999999999985))"
233,Cubio 233,0.3433,0.7361,0.0836,0.0795,21686.25,"POLYGON((10.35 56.35799999999998, 10.35 56.35899999999998, 10.35175 56.35899999999998, 10.35175 56.35799999999998, 10.35 56.35799999999998))"
234,Cubio 234,0.4727,0.4384,0.8445,0.1468,21686.25,"POLYGON((10.35175 56.35799999999998, 10.35175 56.35899999999998, 10.353499999999999 56.35899999999998, 10.353499999999999 56.35799999999998, 10.35175 56.35799999999998))"
235,Cubio 235,0.4872,0.7432,0.204,0.429,21686.25,"POLYGON((10.353499999999999 56.35799999999998, 10.353499999999999 56.35899999999998, 10.355249999999998 56.35899999999998, 10.355249999999998 56.35799999999998, 10.353499999999999 56.35799999999998))"
236,Cubio 236,0.8436,0.876,0.898,0.7462,21686.25,"POLYGON((10.355249999999998 56.35799999999998, 10.355249999999998 56.35899999999998, 10.356999999999998 56.35899999999998, 10.356999999999998 56.35799999999998, 10.355249999999998 56.35799999999998))"
237,Cubio 237,0.7361,0.8216,0.3916,0.9665,21686.25,"POLYGON((10.356999999999998 56.35799999999998, 10.356999999999998 56.35899999999998, 10.358749999999997 56.35899999999998, 10.358749999999997 56.35799999999998, 10.356999999999998 56.35799999999998))"
238,Cubio 238,0.5356,0.7714,0.1843,0.5725,21686.25,"POLYGON((10.358749999999997 56.35799999999998, 10.358749999999997 56.35899999999998, 10.360499999999996 56.35899999999998, 10.360499999999996 56.35799999999998, 10.358749999999997 56.35799999999998))"
239,Cubio 239,0.5242,0.2156,0.5303,0.9294,21686.25,"POLYGON((10.360499999999996 56.35799999999998, 10.360499999999996 56.35899999999998, 10.362249999999996 56.35899999999998, 10.362249999999996 56.35799999999998, 10.360499999999996 56.35799999999998))"
240,Cubio 240,0.7501,0.7371,0.7743,0.7431,21686.25,"POLYGON((10.362249999999996 56.35799999999998, 10.362249999999996 56.35899999999998, 10.363999999999995 56.35899999999998, 10.363999999999995 56.35799999999998, 10.362249999999996 56.35799999999998))"
241,Cubio 241,0.716,0.6193,0.9099,0.6509,21686.25,"POLYGON((10.363999999999995 56.35799999999998, 10.363999999999995 56.35899999999998, 10.365749999999995 56.35899999999998, 10.365749999999995 56.35799999999998, 10.363999999999995 56.35799999999998))"
242,Cubio 242,0.3659,0.0,0.2819,0.9377,21686.25,"POLYGON((10.365749999999995 56.35799999999998, 10.365749999999995 56.35899999999998, 10.367499999999994 56.35899999999998, 10.367499999999994 56.35799999999998, 10.365749999999995 56.35799999999998))"
243,Cubio 243,0.5543,0.9031,0.3941,0.2494,21686.25,"POLYGON((10.367499999999994 56.35799999999998, 10.367499999999994 56.35899999999998, 10.369249999999994 56.35899999999998, 10.369249999999994 56.35799999999998, 10.367499999999994 56.35799999999998))"
244,Cubio 244,0.4996,0.8258,0.3948,0.1694,21686.25,"POLYGON((10.369249999999994 56.35799999999998, 10.369249999999994 56.35899999999998, 10.370999999999993 56.35899999999998, 10.370999999999993 56.35799999999998, 10.369249999999994 56.35799999999998))"
245,Cubio 245,0.3232,0.4202,0.0318,0.4855,21686.25,"POLYGON((10.370999999999993 56.35799999999998, 10.370999999999993 56.35899999999998, 10.372749999999993 56.35899999999998, 10.372749999999993 56.35799999999998, 10.370999999999993 56.35799999999998))"
246,Cubio 246,0.4294,0.6954,0.386,0.1182,21686.25,"POLYGON((10.372749999999993 56.35799999999998, 10.372749999999993 56.35899999999998, 10.374499999999992 56.35899999999998, 10.374499999999992 56.35799999999998, 10.372749999999993 56.35799999999998))"
247,Cubio 247,0.7645,0.8961,0.5863,0.7672,21686.25,"POLYGON((10.374499999999992 56.35799999999998, 10.374499999999992 56.35899999999998, 10.376249999999992 56.35899999999998, 10.376249999999992 56.35799999999998, 10.374499999999992 56.35799999999998))"
248,Cubio 248,0.5937,0.7527,0.4037,0.5716,21686.25,"POLYGON((10.376249999999992 56.35799999999998, 10.376249999999992 56.35899999999998, 10.377999999999991 56.35899999999998, 10.377999999999991 56.35799999999998, 10.376249999999992 56.35799999999998))"
249,Cubio 249,0.4676,0.5911,0.5232,0.2472,21686.25,"POLYGON((10.377999999999991 56.35799999999998, 10.377999999999991 56.35899999999998, 10.37974999999999 56.35899999999998, 10.37974999999999 56.35799999999998, 10.377999999999991 56.35799999999998))"
250,Cubio 250,0.5698,0.8232,0.3177,0.4843,21686.25,"POLYGON((10.37974999999999 56.35799999999998, 10.37974999999999 56.35899999999998, 10.38149999999999 56.35899999999998, 10.38149999999999 56.35799999999998, 10.37974999999999 56.35799999999998))"
251,Cubio 251,0.6961,0.6886,0.6112,0.791,21686.25,"POLYGON((10.38149999999999 56.35799999999998, 10.38149999999999 56.35899999999998, 10.38324999999999 56.35899999999998, 10.38324999999999 56.35799999999998, 10.38149999999999 56.35799999999998))"
252,Cubio 252,0.3532,0.3258,0.306,0.4368,21686.25,"POLYGON((10.38324999999999 56.35799999999998, 10.38324999999999 56.35899999999998, 10.38499999999999 56.35899999999998, 10.38499999999999 56.35799999999998, 10.38324999999999 56.35799999999998))"
253,Cubio 253,0.6726,0.756,0.7502,0.4837,21686.25,"POLYGON((10.38499999999999 56.35799999999998, 10.38499999999999 56.35899999999998, 10.386749999999989 56.35899999999998, 10.386749999999989 56.35799999999998, 10.38499999999999 56.35799999999998))"
254,Cubio 254,0.6286,0.5803,0.8553,0.4661,21686.25,"POLYGON((10.386749999999989 56.35799999999998, 10.386749999999989 56.35899999999998, 10.388499999999988 56.35899999999998, 10.388499999999988 56.35799999999998, 10.386749999999989 56.35799999999998))"
255,Cubio 255,0.5653,0.9204,0.0196,0.6377,21686.25,"POLYGON((10.388499999999988 56.35799999999998, 10.388499999999988 56.35899999999998, 10.390249999999988 56.35899999999998, 10.390249999999988 56.35799999999998, 10.388499999999988 56.35799999999998))"
256,Cubio 256,0.5809,0.3236,0.6357,0.869,21686.25,"POLYGON((10.390249999999988 56.35799999999998, 10.390249999999988 56.35899999999998, 10.391999999999987 56.35899999999998, 10.391999999999987 56.35799999999998, 10.390249999999988 56.35799999999998))"
257,Cubio 257,0.5489,0.8117,0.4265,0.3208,21686.25,"POLYGON((10.391999999999987 56.35799999999998, 10.391999999999987 56.35899999999998, 10.393749999999986 56.35899999999998, 10.393749999999986 56.35799999999998, 10.391999999999987 56.35799999999998))"
258,Cubio 258,0.4596,0.422,0.5644,0.4049,21686.25,"POLYGON((10.393749999999986 56.35799999999998, 10.393749999999986 56.35899999999998, 10.395499999999986 56.35899999999998, 10.395499999999986 56.35799999999998, 10.393749999999986 56.35799999999998))"
259,Cubio 259,0.4982,0.4062,0.9431,0.1761,21686.25,"POLYGON((10.395499999999986 56.35799999999998, 10.395499999999986 56.35899999999998, 10.397249999999985 56.35899999999998, 10.397249999999985 56.35799999999998, 10.395499999999986 56.35799999999998))"
260,Cubio 260,0.4869,0.7617,0.5153,0.0923,21686.25,"POLYGON((10.397249999999985 56.35799999999998, 10.397249999999985 56.35899999999998, 10.398999999999985 56.35899999999998, 10.398999999999985 56.35799999999998, 10.397249999999985 56.35799999999998))"
261,Cubio 261,0.6336,0.6378,0.6442,0.6176,21686.25,"POLYGON((10.398999999999985 56.35799999999998, 10.398999999999985 56.35899999999998, 10.400749999999984 56.35899999999998, 10.400749999999984 56.35799999999998, 10.398999999999985 56.35799999999998))"
262,Cubio 262,0.5291,0.338,0.6097,0.7033,21686.25,"POLYGON((10.35 56.35899999999998, 10.35 56.35999999999998, 10.35175 56.35999999999998, 10.35175 56.35899999999998, 10.35 56.35899999999998))"
263,Cubio 263,0.4588,0.8309,0.265,0.1565,21686.25,"POLYGON((10.35175 56.35899999999998, 10.35175 56.35999999999998, 10.353499999999999 56.35999999999998, 10.353499999999999 56.35899999999998, 10.35175 56.35899999999998))"
264,Cubio 264,0.7795,0.7043,0.8575,0.8018,21686.25,"POLYGON((10.353499999999999 56.35899999999998, 10.353499999999999 56.35999999999998, 10.355249999999998 56.35999999999998, 10.355249999999998 56.35899999999998, 10.353499999999999 56.35899999999998))"
265,Cubio 265,0.6141,0.7502,0.2199,0.827,21686.25,"POLYGON((10.355249999999998 56.35899999999998, 10.355249999999998 56.35999999999998, 10.356999999999998 56.35999999999998, 10.356999999999998 56.35899999999998, 10.355249999999998 56.35899999999998))"
266,Cubio 266,0.4655,0.9389,0.0739,0.2259,21686.25,"POLYGON((10.356999999999998 56.35899999999998, 10.356999999999998 56.35999999999998, 10.358749999999997 56.35999999999998, 10.358749999999997 56.35899999999998, 10.356999999999998 56.35899999999998))"
267,Cubio 267,0.5072,0.5108,0.8893,0.1203,21686.25,"POLYGON((10.358749999999997 56.35899999999998, 10.358749999999997 56.35999999999998, 10.360499999999996 56.35999999999998, 10.360499999999996 56.35899999999998, 10.358749999999997 56.35899999999998))"
268,Cubio 268,0.3632,0.6322,0.0682,0.2995,21686.25,"POLYGON((10.360499999999996 56.35899999999998, 10.360499999999996 56.35999999999998, 10.362249999999996 56.35999999999998, 10.362249999999996 56.35899999999998, 10.360499999999996 56.35899999999998))"
269,Cubio 269,0.5271,0.9084,0.037,0.5088,21686.25,"POLYGON((10.362249999999996 56.35899999999998, 10.362249999999996 56.35999999999998, 10.363999999999995 56.35999999999998, 10.363999999999995 56.35899999999998, 10.362249999999996 56.35899999999998))"
270,Cubio 270,0.5588,0.5761,0.4088,0.6859,21686.25,"POLYGON((10.363999999999995 56.35899999999998, 10.363999999999995 56.35999999999998, 10.365749999999995 56.35999999999998, 10.365749999999995 56.35899999999998, 10.363999999999995 56.35899999999998))"
271,Cubio 271,0.6214,0.5877,0.9808,0.307,21686.25,"POLYGON((10.365749999999995 56.35899999999998, 10.365749999999995 56.35999999999998, 10.367499999999994 56.35999999999998, 10.367499999999994 56.35899999999998, 10.365749999999995 56.35899999999998))"
272,Cubio 272,0.6524,0.4814,0.75,0.7828,21686.25,"POLYGON((10.367499999999994 56.35899999999998, 10.367499999999994 56.35999999999998, 10.369249999999994 56.35999999999998, 10.369249999999994 56.35899999999998, 10.367499999999994 56.35899999999998))"
273,Cubio 273,0.4547,0.6428,0.2029,0.4558,21686.25,"POLYGON((10.369249999999994 56.35899999999998, 10.369249999999994 56.35999999999998, 10.370999999999993 56.35999999999998, 10.370999999999993 56.35899999999998, 10.369249999999994 56.35899999999998))"
274,Cubio 274,0.4225,0.5918,0.1627,0.4564,21686.25,"POLYGON((10.370999999999993 56.35899999999998, 10.370999999999993 56.35999999999998, 10.372749999999993 56.35999999999998, 10.372749999999993 56.35899999999998, 10.370999999999993 56.35899999999998))"
275,Cubio 275,0.6418,0.7341,0.4996,0.6607,21686.25,"POLYGON((10.372749999999993 56.35899999999998, 10.372749999999993 56.35999999999998, 10.374499999999992 56.35999999999998, 10.374499999999992 56.35899999999998, 10.372749999999993 56.35899999999998))"
276,Cubio 276,0.5361,0.8917,0.3884,0.2097,21686.25,"POLYGON((10.374499999999992 56.35899999999998, 10.374499999999992 56.35999999999998, 10.376249999999992 56.35999999999998, 10.376249999999992 56.35899999999998, 10.374499999999992 56.35899999999998))"
277,Cubio 277,0.4233,0.7972,0.3482,0.0,21686.25,"POLYGON((10.376249999999992 56.35899999999998, 10.376249999999992 56.35999999999998, 10.377999999999991 56.35999999999998, 10.377999999999991 56.35899999999998, 10.376249999999992 56.35899999999998))"
278,Cubio 278,0.2756,0.2726,0.3447,0.2104,21686.25,"POLYGON((10.377999999999991 56.35899999999998, 10.377999999999991 56.35999999999998, 10.37974999999999 56.35999999999998, 10.37974999999999 56.35899999999998, 10.377999999999991 56.35899999999998))"
279,Cubio 279,0.5642,0.8155,0.258,0.5353,21686.25,"POLYGON((10.37974999999999 56.35899999999998, 10.37974999999999 56.35999999999998, 10.38149999999999 56.35999999999998, 10.38149999999999 56.35899999999998, 10.37974999999999 56.35899999999998))"
280,Cubio 280,0.3235,0.4965,0.0578,0.3584,21686.25,"POLYGON((10.38149999999999 56.35899999999998, 10.38149999999999 56.35999999999998, 10.38324999999999 56.35999999999998, 10.38324999999999 56.35899999999998, 10.38149999999999 56.35899999999998))"
281,Cubio 281,0.6939,0.9159,0.5736,0.5181,21686.25,"POLYGON((10.38324999999999 56.35899999999998, 10.38324999999999 56.35999999999998, 10.38499999999999 56.35999999999998, 10.38499999999999 56.35899999999998, 10.38324999999999 56.35899999999998))"
282,Cubio 282,0.6075,0.7678,0.6464,0.3548,21686.25,"POLYGON((10.38499999999999 56.35899999999998, 10.38499999999999 56.35999999999998, 10.386749999999989 56.35999999999998, 10.386749999999989 56.35899999999998, 10.38499999999999 56.35899999999998))"
283,Cubio 283,0.4364,0.4854,0.0535,0.7537,21686.25,"POLYGON((10.386749999999989 56.35899999999998, 10.386749999999989 56.35999999999998, 10.388499999999988 56.35999999999998, 10.388499999999988 56.35899999999998, 10.386749999999989 56.35899999999998))"
284,Cubio 284,0.679,0.9642,0.2075,0.7702,21686.25,"POLYGON((10.388499999999988 56.35899999999998, 10.388499999999988 56.35999999999998, 10.390249999999988 56.35999999999998, 10.390249999999988 56.35899999999998, 10.388499999999988 56.35899999999998))"
285,Cubio 285,0.5102,0.5618,0.4727,0.4789,21686.25,"POLYGON((10.390249999999988 56.35899999999998, 10.390249999999988 56.35999999999998, 10.391999999999987 56.35999999999998, 10.391999999999987 56.35899999999998, 10.390249999999988 56.35899999999998))"
286,Cubio 286,0.5467,0.3366,0.5514,0.8221,21686.25,"POLYGON((10.391999999999987 56.35899999999998, 10.391999999999987 56.35999999999998, 10.393749999999986 56.35999999999998, 10.393749999999986 56.35899999999998, 10.391999999999987 56.35899999999998))"
287,Cubio 287,0.5936,0.2943,0.9746,0.6116,21686.25,"POLYGON((10.393749999999986 56.35899999999998, 10.393749999999986 56.35999999999998, 10.395499999999986 56.35999999999998, 10.395499999999986 56.35899999999998, 10.393749999999986 56.35899999999998))"
288,Cubio 288,0.3772,0.5556,0.2263,0.2903,21686.25,"POLYGON((10.395499999999986 56.35899999999998, 10.395499999999986 56.35999999999998, 10.397249999999985 56.35999999999998, 10.397249999999985 56.35899999999998, 10.395499999999986 56.35899999999998))"
289,Cubio 289,0.549,0.619,0.397,0.6076,21686.25,"POLYGON((10.397249999999985 56.35899999999998, 10.397249999999985 56.35999999999998, 10.398999999999985 56.35999999999998, 10.398999999999985 56.35899999999998, 10.397249999999985 56.35899999999998))"
290,Cubio 290,0.6241,0.2789,0.9738,0.7347,21686.25,"POLYGON((10.398999999999985 56.35899999999998, 10.398999999999985 56.35999999999998, 10.400749999999984 56.35999999999998, 10.400749999999984 56.35899999999998, 10.398999999999985 56.35899999999998))"
291,Cubio 291,0.5986,0.5259,0.698,0.5962,21686.25,"POLYGON((10.35 56.35999999999998, 10.35 56.360999999999976, 10.35175 56.360999999999976, 10.35175 56.35999999999998, 10.35 56.35999999999998))"
292,Cubio 292,0.5915,0.8257,0.7466,0.1241,21686.25,"POLYGON((10.35175 56.35999999999998, 10.35175 56.360999999999976, 10.353499999999999 56.360999999999976, 10.353499999999999 56.35999999999998, 10.35175 56.35999999999998))"
293,Cubio 293,0.4065,0.8035,0.2352,0.0484,21686.25,"POLYGON((10.353499999999999 56.35999999999998, 10.353499999999999 56.360999999999976, 10.355249999999998 56.360999999999976, 10.355249999999998 56.35999999999998, 10.353499999999999 56.35999999999998))"
294,Cubio 294,0.706,0.8733,0.6369,0.5522,21686.25,"POLYGON((10.355249999999998 56.35999999999998, 10.355249999999998 56.360999999999976, 10.356999999999998 56.360999999999976, 10.356999999999998 56.35999999999998, 10.355249999999998 56.35999999999998))"
295,Cubio 295,0.5804,0.7159,0.6506,0.3294,21686.25,"POLYGON((10.356999999999998 56.35999999999998, 10.356999999999998 56.360999999999976, 10.358749999999997 56.360999999999976, 10.358749999999997 56.35999999999998, 10.356999999999998 56.35999999999998))"
296,Cubio 296,0.6615,0.705,0.9305,0.3345,21686.25,"POLYGON((10.358749999999997 56.35999999999998, 10.358749999999997 56.360999999999976, 10.360499999999996 56.360999999999976, 10.360499999999996 56.35999999999998, 10.358749999999997 56.35999999999998))"
297,Cubio 297,0.4904,0.8749,0.1342,0.3338,21686.25,"POLYGON((10.360499999999996 56.35999999999998, 10.360499999999996 56.360999999999976, 10.362249999999996 56.360999999999976, 10.362249999999996 56.35999999999998, 10.360499999999996 56.35999999999998))"
298,Cubio 298,0.5298,0.7113,0.082,0.7357,21686.25,"POLYGON((10.362249999999996 56.35999999999998, 10.362249999999996 56.360999999999976, 10.363999999999995 56.360999999999976, 10.363999999999995 56.35999999999998, 10.362249999999996 56.35999999999998))"
299,Cubio 299,0.9227,0.925,0.8908,0.9516,21686.25,"POLYGON((10.363999999999995 56.35999999999998, 10.363999999999995 56.360999999999976, 10.365749999999995 56.360999999999976, 10.365749999999995 56.35999999999998, 10.363999999999995 56.35999999999998))"
300,Cubio 300,0.5504,0.5154,0.2101,0.9375,21686.25,"POLYGON((10.365749999999995 56.35999999999998, 10.365749999999995 56.360999999999976, 10.367499999999994 56.360999999999976, 10.367499999999994 56.35999999999998, 10.365749999999995 56.35999999999998))"
301,Cubio 301,0.6856,0.6566,0.6611,0.7487,21686.25,"POLYGON((10.367499999999994 56.35999999999998, 10.367499999999994 56.360999999999976, 10.369249999999994 56.360999999999976, 10.369249999999994 56.35999999999998, 10.367499999999994 56.35999999999998))"
302,Cubio 302,0.6968,0.8494,0.4172,0.7729,21686.25,"POLYGON((10.369249999999994 56.35999999999998, 10.369249999999994 56.360999999999976, 10.370999999999993 56.360999999999976, 10.370999999999993 56.35999999999998, 10.369249999999994 56.35999999999998))"
303,Cubio 303,0.4424,0.8363,0.1549,0.2047,21686.25,"POLYGON((10.370999999999993 56.35999999999998, 10.370999999999993 56.360999999999976, 10.372749999999993 56.360999999999976, 10.372749999999993 56.35999999999998, 10.370999999999993 56.35999999999998))"
304,Cubio 304,0.5515,0.8685,0.2191,0.4612,21686.25,"POLYGON((10.372749999999993 56.35999999999998, 10.372749999999993 56.360999999999976, 10.374499999999992 56.360999999999976, 10.374499999999992 56.35999999999998, 10.372749999999993 56.35999999999998))"
305,Cubio 305,0.3914,0.2064,0.5757,0.4537,21686.25,"POLYGON((10.374499999999992 56.35999999999998, 10.374499999999992 56.360999999999976, 10.376249999999992 56.360999999999976, 10.376249999999992 56.35999999999998, 10.374499999999992 56.35999999999998))"
306,Cubio 306,0.583,0.4766,0.9456,0.3622,21686.25,"POLYGON((10.376249999999992 56.35999999999998, 10.376249999999992 56.360999999999976, 10.377999999999991 56.360999999999976, 10.377999999999991 56.35999999999998, 10.376249999999992 56.35999999999998))"
307,Cubio 307,0.7213,0.7155,0.9704,0.48,21686.25,"POLYGON((10.377999999999991 56.35999999999998, 10.377999999999991 56.360999999999976, 10.37974999999999 56.360999999999976, 10.37974999999999 56.35999999999998, 10.377999999999991 56.35999999999998))"
308,Cubio 308,0.6224,0.4313,0.9038,0.596,21686.25,"POLYGON((10.37974999999999 56.35999999999998, 10.37974999999999 56.360999999999976, 10.38149999999999 56.360999999999976, 10.38149999999999 56.35999999999998, 10.37974999999999 56.35999999999998))"
309,Cubio 309,0.3783,0.8242,0.0171,0.1448,21686.25,"POLYGON((10.38149999999999 56.35999999999998, 10.38149999999999 56.360999999999976, 10.38324999999999 56.360999999999976, 10.38324999999999 56.35999999999998, 10.38149999999999 56.35999999999998))"
310,Cubio 310,0.6624,0.6779,0.9185,0.3855,21686.25,"POLYGON((10.38324999999999 56.35999999999998, 10.38324999999999 56.360999999999976, 10.38499999999999 56.360999999999976, 10.38499999999999 56.35999999999998, 10.38324999999999 56.35999999999998))"
311,Cubio 311,0.6049,0.3062,0.8233,0.7846,21686.25,"POLYGON((10.38499999999999 56.35999999999998, 10.38499999999999 56.360999999999976, 10.386749999999989 56.360999999999976, 10.386749999999989 56.35999999999998, 10.38499999999999 56.35999999999998))"
312,Cubio 312,0.6367,0.7682,0.8564,0.2416,21686.25,"POLYGON((10.386749999999989 56.35999999999998, 10.386749999999989 56.360999999999976, 10.388499999999988 56.360999999999976, 10.388499999999988 56.35999999999998, 10.386749999999989 56.35999999999998))"
313,Cubio 313,0.4187,0.8988,0.003,0.1943,21686.25,"POLYGON((10.388499999999988 56.35999999999998, 10.388499999999988 56.360999999999976, 10.390249999999988 56.360999999999976, 10.390249999999988 56.35999999999998, 10.388499999999988 56.35999999999998))"
314,Cubio 314,0.448,0.9163,0.0527,0.2191,21686.25,"POLYGON((10.390249999999988 56.35999999999998, 10.390249999999988 56.360999999999976, 10.391999999999987 56.360999999999976, 10.391999999999987 56.35999999999998, 10.390249999999988 56.35999999999998))"
315,Cubio 315,0.5856,0.3259,0.5173,1.0,21686.25,"POLYGON((10.391999999999987 56.35999999999998, 10.391999999999987 56.360999999999976, 10.393749999999986 56.360999999999976, 10.393749999999986 56.35999999999998, 10.391999999999987 56.35999999999998))"
316,Cubio 316,0.4994,0.3214,0.2869,0.9491,21686.25,"POLYGON((10.393749999999986 56.35999999999998, 10.393749999999986 56.360999999999976, 10.395499999999986 56.360999999999976, 10.395499999999986 56.35999999999998, 10.393749999999986 56.35999999999998))"
317,Cubio 317,0.43,0.3773,0.5758,0.3546,21686.25,"POLYGON((10.395499999999986 56.35999999999998, 10.395499999999986 56.360999999999976, 10.397249999999985 56.360999999999976, 10.397249999999985 56.35999999999998, 10.395499999999986 56.35999999999998))"
318,Cubio 318,0.5294,0.5375,0.1384,0.9094,21686.25,"POLYGON((10.397249999999985 56.35999999999998, 10.397249999999985 56.360999999999976, 10.398999999999985 56.360999999999976, 10.398999999999985 56.35999999999998, 10.397249999999985 56.35999999999998))"
319,Cubio 319,0.4981,0.9582,0.0268,0.356,21686.25,"POLYGON((10.398999999999985 56.35999999999998, 10.398999999999985 56.360999999999976, 10.400749999999984 56.360999999999976, 10.400749999999984 56.35999999999998, 10.398999999999985 56.35999999999998))"
